Workbook

Sheet 0_Huong_dan
A1: SỔ TÍNH MINH HOẠ TỪNG BƯỚC – 6 TỈNH, SỐ THẬT NĂM 2021 & 2024
A2: Mỗi sheet là một phương pháp trong bài báo. Ô màu VÀNG = số liệu đầu vào; ô màu XANH = công thức Excel (bấm vào ô để xem công thức); ô XÁM = kết quả cuối.
A3: Bộ số ví dụ: 6 tỉnh Hà Nội, Bình Dương (vùng lõi) và Đà Nẵng, Cần Thơ, Lâm Đồng, Thái Nguyên (vùng ngoại vi), lấy đúng số trong panel_phan_tich.csv.
A4: Kết quả trên 6 tỉnh chỉ để HIỂU CÁCH TÍNH; con số trong bài báo tính trên 54–58 tỉnh mỗi năm (xem cột "Trong bài báo" ở mỗi sheet).
A5: Đọc kèm file Word HUONG-DAN-TINH-TUNG-BUOC.docx: Word giải thích ý nghĩa và diễn giải; Excel cho thấy phép tính chạy thật.
A6: Sheet: 1_Du_lieu → 2_EBI_tuong_doi → 3_Gini → 4_CV_sigma → 5_Theil_phan_ra → 6_Gini_tru_cot → 7_Beta_hoi_tu → 8_OLS → 9_Oaxaca.

Sheet 1_Du_lieu
A1: Bảng số liệu gốc của 6 tỉnh (trích panel_phan_tich.csv)
A2: Tỉnh | B2: Vùng (Niên giám) | C2: Nhóm ví dụ | D2: EBI 2024 | E2: NNL&HT 2024 | F2: B2C 2024 | G2: B2B 2024 | H2: EBI 2021 | I2: DN/1.000 dân 2024 | J2: GRDP/người 2024 (tr.đ)
A3: Hà Nội | B3: ĐB sông Hồng | C3: Lõi | D3: 84 | E3: 97 | F3: 77 | G3: 85 | H3: 55.66 | I3: 22.58 | J3: 162.9
A4: Bình Dương | B4: Đông Nam Bộ | C4: Lõi | D4: 51 | E4: 36 | F4: 47 | G4: 63 | H4: 14.76 | I4: 15.82 | J4: 177.2
A5: Đà Nẵng | B5: BTB & DH miền Trung | C5: Ngoại vi | D5: 47 | E5: 70 | F5: 31 | G5: 52 | H5: 19.04 | I5: 19.88 | J5: 119.3
A6: Cần Thơ | B6: ĐB sông Cửu Long | C6: Ngoại vi | D6: 28 | E6: 29 | F6: 33 | G6: 23 | H6: 8.59 | I6: 8.54 | J6: 104.3
A7: Lâm Đồng | B7: Tây Nguyên | C7: Ngoại vi | D7: 26 | E7: 28 | F7: 24 | G7: 26 | H7: 6.65 | I7: 5.99 | J7: 99.9
A8: Thái Nguyên | B8: TD & MN phía Bắc | C8: Ngoại vi | D8: 20 | E8: 21 | F8: 26 | G8: 14 | H8: 6.38 | I8: 4.46 | J8: 114.5
A10: Các sheet sau tham chiếu trực tiếp vào vùng ô D–J của sheet này. Vùng: ĐBSH = Đồng bằng sông Hồng; ĐNB = Đông Nam Bộ; BTB&DHMT = Bắc Trung Bộ và Duyên hải miền Trung; TN = Tây Nguyên; TDMNPB = Trung du và miền núi phía Bắc; ĐBSCL = Đồng bằng sông Cửu Long.

Sheet 2_EBI_tuong_doi
A1: EBI tương đối = EBI của tỉnh / trung bình các tỉnh có số liệu trong năm × 100 (Bảng 2, Hình 2)
A2: Trung bình EBI của 58 tỉnh năm 2024 (tính trên toàn bộ dữ liệu): | F2: 23.086
A3: (Trong ví dụ này trung bình lấy từ 58 tỉnh, không phải 6 tỉnh, để số EBI tương đối khớp với bài)
A5: Tỉnh | B5: EBI 2024 | C5: EBI tương đối | D5: Đọc kết quả
A6: Hà Nội | B6: ='1_Du_lieu'!D3 -> 84 | C6: =B6/$F$2*100 -> 363.85688 | D6: =IF(C6>=100,"cao hơn trung bình cả nước "&TEXT(C6-100,"0")&" điểm","thấp hơn trung bình cả nước "&TEXT(100-C6,"0")&" điểm") -> cao hơn trung bình cả nước 264 điểm
A7: Bình Dương | B7: ='1_Du_lieu'!D4 -> 51 | C7: =B7/$F$2*100 -> 220.91311 | D7: =IF(C7>=100,"cao hơn trung bình cả nước "&TEXT(C7-100,"0")&" điểm","thấp hơn trung bình cả nước "&TEXT(100-C7,"0")&" điểm") -> cao hơn trung bình cả nước 121 điểm
A8: Đà Nẵng | B8: ='1_Du_lieu'!D5 -> 47 | C8: =B8/$F$2*100 -> 203.58659 | D8: =IF(C8>=100,"cao hơn trung bình cả nước "&TEXT(C8-100,"0")&" điểm","thấp hơn trung bình cả nước "&TEXT(100-C8,"0")&" điểm") -> cao hơn trung bình cả nước 104 điểm
A9: Cần Thơ | B9: ='1_Du_lieu'!D6 -> 28 | C9: =B9/$F$2*100 -> 121.28563 | D9: =IF(C9>=100,"cao hơn trung bình cả nước "&TEXT(C9-100,"0")&" điểm","thấp hơn trung bình cả nước "&TEXT(100-C9,"0")&" điểm") -> cao hơn trung bình cả nước 21 điểm
A10: Lâm Đồng | B10: ='1_Du_lieu'!D7 -> 26 | C10: =B10/$F$2*100 -> 112.62237 | D10: =IF(C10>=100,"cao hơn trung bình cả nước "&TEXT(C10-100,"0")&" điểm","thấp hơn trung bình cả nước "&TEXT(100-C10,"0")&" điểm") -> cao hơn trung bình cả nước 13 điểm
A11: Thái Nguyên | B11: ='1_Du_lieu'!D8 -> 20 | C11: =B11/$F$2*100 -> 86.632591 | D11: =IF(C11>=100,"cao hơn trung bình cả nước "&TEXT(C11-100,"0")&" điểm","thấp hơn trung bình cả nước "&TEXT(100-C11,"0")&" điểm") -> thấp hơn trung bình cả nước 13 điểm

Sheet 3_Gini
A1: Hệ số Gini theo công thức thứ hạng (Bảng 3, Bảng 4)
A2: G = 2·Σ(j·y_j) / (N·Σy_j) − (N+1)/N, với y đã SẮP TĂNG DẦN và j = thứ hạng 1..N. G = 0: mọi tỉnh bằng nhau; G càng gần 1 càng tập trung.
A3: Thứ hạng j | B3: Tỉnh | C3: EBI 2024 (sắp tăng dần) | D3: j × y
A4: 1 | B4: Thái Nguyên | C4: =SMALL('1_Du_lieu'!$D$3:$D$8,A4) -> 20 | D4: =A4*C4 -> 20
A5: 2 | B5: Lâm Đồng | C5: =SMALL('1_Du_lieu'!$D$3:$D$8,A5) -> 26 | D5: =A5*C5 -> 52
A6: 3 | B6: Cần Thơ | C6: =SMALL('1_Du_lieu'!$D$3:$D$8,A6) -> 28 | D6: =A6*C6 -> 84
A7: 4 | B7: Đà Nẵng | C7: =SMALL('1_Du_lieu'!$D$3:$D$8,A7) -> 47 | D7: =A7*C7 -> 188
A8: 5 | B8: Bình Dương | C8: =SMALL('1_Du_lieu'!$D$3:$D$8,A8) -> 51 | D8: =A8*C8 -> 255
A9: 6 | B9: Hà Nội | C9: =SMALL('1_Du_lieu'!$D$3:$D$8,A9) -> 84 | D9: =A9*C9 -> 504
B10: Tổng | C10: =SUM(C4:C9) -> 256 | D10: =SUM(D4:D9) -> 1103
A12: N = | B12: =COUNT(C4:C9) -> 6
A13: Số hạng 1 = 2·Σ(j·y)/(N·Σy) | C13: =2*D10/(B12*C10) -> 1.4361979
A14: Số hạng 2 = (N+1)/N | C14: =(B12+1)/B12 -> 1.1666667
A15: GINI = số hạng 1 − số hạng 2 | C15: =C13-C14 -> 0.26953125
A17: Trong bài báo: Gini EBI năm 2024 trên 58 tỉnh = 0,245 (Bảng 3). Ví dụ 6 tỉnh cho 0.27 vì mẫu nhỏ gồm cả Hà Nội (84) và Thái Nguyên (20).

Sheet 4_CV_sigma
A1: Hệ số biến thiên CV = độ lệch chuẩn / trung bình → hội tụ sigma khi CV giảm theo thời gian (Bảng 3, Hình 5)
A2: Tỉnh | B2: EBI 2021 | C2: EBI 2024 | D2: ln(EBI 2024)
A3: Hà Nội | B3: ='1_Du_lieu'!H3 -> 55.66 | C3: ='1_Du_lieu'!D3 -> 84 | D3: =LN(C3) -> 4.4308168
A4: Bình Dương | B4: ='1_Du_lieu'!H4 -> 14.76 | C4: ='1_Du_lieu'!D4 -> 51 | D4: =LN(C4) -> 3.9318256
A5: Đà Nẵng | B5: ='1_Du_lieu'!H5 -> 19.04 | C5: ='1_Du_lieu'!D5 -> 47 | D5: =LN(C5) -> 3.8501476
A6: Cần Thơ | B6: ='1_Du_lieu'!H6 -> 8.59 | C6: ='1_Du_lieu'!D6 -> 28 | D6: =LN(C6) -> 3.3322045
A7: Lâm Đồng | B7: ='1_Du_lieu'!H7 -> 6.65 | C7: ='1_Du_lieu'!D7 -> 26 | D7: =LN(C7) -> 3.2580965
A8: Thái Nguyên | B8: ='1_Du_lieu'!H8 -> 6.38 | C8: ='1_Du_lieu'!D8 -> 20 | D8: =LN(C8) -> 2.9957323
A10: Trung bình | B10: =AVERAGE(B3:B8) -> 18.513333 | C10: =AVERAGE(C3:C8) -> 42.666667
A11: Độ lệch chuẩn mẫu (STDEV.S) | B11: =_xlfn.STDEV.S(B3:B8) -> 18.871506 | C11: =_xlfn.STDEV.S(C3:C8) -> 23.678401
A12: CV = SD / trung bình | B12: =B11/B10 -> 1.0193468 | C12: =C11/C10 -> 0.55496252
A13: SD của ln(EBI) 2024 | D13: =_xlfn.STDEV.S(D3:D8) -> 0.53105594
A14: Kết luận | B14: =IF(C12<B12,"CV giảm từ "&TEXT(B12,"0.00")&" xuống "&TEXT(C12,"0.00")&" → có hội tụ sigma","CV không giảm → không hội tụ sigma") -> CV giảm từ 1.02 xuống 0.55 → có hội tụ sigma
A16: Trong bài báo (58 tỉnh): CV EBI giảm từ 1,253 (2021) xuống 0,608 (2024); SD ln(EBI) từ 0,528 xuống 0,410 – Mục 4.3.

Sheet 5_Theil_phan_ra
A1: Chỉ số Theil-T và phân rã thành phần GIỮA nhóm + TRONG nhóm (Bảng 3, Hình 3, Hình 4, phương trình (1))
A2: T = (1/N)·Σ (y_i/ȳ)·ln(y_i/ȳ). Phân rã: T = Σ_k s_k·T_k (trong nhóm) + Σ_k s_k·ln(ȳ_k/ȳ) (giữa nhóm), với s_k = (N_k/N)·(ȳ_k/ȳ).
A3: Tỉnh | B3: Nhóm | C3: y = EBI 2024 | D3: y/ȳ | E3: ln(y/ȳ) | F3: (y/ȳ)·ln(y/ȳ)
A4: Hà Nội | B4: Lõi | C4: ='1_Du_lieu'!D3 -> 84 | D4: =C4/$C$10 -> 1.96875 | E4: =LN(D4) -> 0.67739882 | F4: =D4*E4 -> 1.3336289
A5: Bình Dương | B5: Lõi | C5: ='1_Du_lieu'!D4 -> 51 | D5: =C5/$C$10 -> 1.1953125 | E5: =LN(D5) -> 0.17840766 | F5: =D5*E5 -> 0.2132529
A6: Đà Nẵng | B6: Ngoại vi | C6: ='1_Du_lieu'!D5 -> 47 | D6: =C6/$C$10 -> 1.1015625 | E6: =LN(D6) -> 0.096729626 | F6: =D6*E6 -> 0.10655373
A7: Cần Thơ | B7: Ngoại vi | C7: ='1_Du_lieu'!D6 -> 28 | D7: =C7/$C$10 -> 0.65625 | E7: =LN(D7) -> -0.42121347 | F7: =D7*E7 -> -0.27642134
A8: Lâm Đồng | B8: Ngoại vi | C8: ='1_Du_lieu'!D7 -> 26 | D8: =C8/$C$10 -> 0.609375 | E8: =LN(D8) -> -0.49532144 | F8: =D8*E8 -> -0.3018365
A9: Thái Nguyên | B9: Ngoại vi | C9: ='1_Du_lieu'!D8 -> 20 | D9: =C9/$C$10 -> 0.46875 | E9: =LN(D9) -> -0.7576857 | F9: =D9*E9 -> -0.35516517
A10: ȳ (trung bình chung) | C10: =AVERAGE(C4:C9) -> 42.666667
A11: N | C11: =COUNT(C4:C9) -> 6
A12: Theil-T = (1/N)·Σ cột F | F12: =SUM(F4:F9)/C11 -> 0.12000209
A14: Phân rã theo 2 nhóm
A15: Nhóm k | B15: N_k | C15: ȳ_k | D15: s_k = (N_k/N)(ȳ_k/ȳ) | E15: T_k (Theil trong nhóm) | F15: s_k·T_k | G15: ln(ȳ_k/ȳ) | H15: s_k·ln(ȳ_k/ȳ)
A16: Lõi | B16: =COUNTIF($B$4:$B$9,A16) -> 2 | C16: =AVERAGEIF($B$4:$B$9,A16,$C$4:$C$9) -> 67.5 | D16: =B16/$C$11*C16/$C$10 -> 0.52734375 | E16: =SUMPRODUCT(($B$4:$B$9=A16)*($C$4:$C$9/C16)*LN($C$4:$C$9/C16))/B16 -> 0.030181427 | F16: =D16*E16 -> 0.015915987 | G16: =LN(C16/$C$10) -> 0.45870962 | H16: =D16*G16 -> 0.24189765
A17: Ngoại vi | B17: =COUNTIF($B$4:$B$9,A17) -> 4 | C17: =AVERAGEIF($B$4:$B$9,A17,$C$4:$C$9) -> 30.25 | D17: =B17/$C$11*C17/$C$10 -> 0.47265625 | E17: =SUMPRODUCT(($B$4:$B$9=A17)*($C$4:$C$9/C17)*LN($C$4:$C$9/C17))/B17 -> 0.05235356 | F17: =D17*E17 -> 0.024745237 | G17: =LN(C17/$C$10) -> -0.34392179 | H17: =D17*G17 -> -0.16255678
A18: Tổng | F18: =SUM(F16:F17) -> 0.040661224 | H18: =SUM(H16:H17) -> 0.079340869
A19: Phần TRONG nhóm (within) | F19: =F18 -> 0.040661224
A20: Phần GIỮA nhóm (between) | F20: =H18 -> 0.079340869
A21: Kiểm tra: within + between = Theil-T? | F21: =F18+H18 -> 0.12000209 | G21: =IF(ABS(F21-F12)<0.00001,"✓ bằng nhau","✗ sai") -> ✓ bằng nhau
A22: Tỷ trọng giữa nhóm (%) = between / T × 100 | F22: =H18/F12*100 -> 66.116238
A24: Trong bài báo (58 tỉnh, 6 vùng, 2024): Theil-T = 0,128; giữa vùng = 0,047; trong vùng = 0,081; tỷ trọng giữa vùng = 36,9% (Bảng 3). Ví dụ 2 nhóm ở đây cho tỷ trọng giữa nhóm cao hơn vì hai tỉnh lõi tách hẳn khỏi bốn tỉnh còn lại.

Sheet 6_Gini_tru_cot
A1: Phân rã Gini theo nguồn: G(EBI) = Σ_k S_k·G_k·R_k (Bảng 4)
A2: EBI = 0,2·NNL&HT + 0,4·B2C + 0,4·B2B (trọng số từ 2021). S_k = tỷ trọng thành phần k trong EBI trung bình; G_k = Gini của thành phần w_k·X_k; R_k = cov(w_k·X_k, hạng EBI)/cov(w_k·X_k, hạng của chính nó).
A3: Tỉnh | B3: NNL&HT | C3: B2C | D3: B2B | E3: 0,2·NNL&HT | F3: 0,4·B2C | G3: 0,4·B2B | H3: EBI tái tạo = tổng | I3: EBI công bố | J3: Hạng EBI /N | K3: Hạng 0,2·NNL /N | L3: Hạng 0,4·B2C /N | M3: Hạng 0,4·B2B /N
A4: Hà Nội | B4: ='1_Du_lieu'!E3 -> 97 | C4: ='1_Du_lieu'!F3 -> 77 | D4: ='1_Du_lieu'!G3 -> 85 | E4: =0.2*B4 -> 19.4 | F4: =0.4*C4 -> 30.8 | G4: =0.4*D4 -> 34 | H4: =E4+F4+G4 -> 84.2 | I4: ='1_Du_lieu'!D3 -> 84 | J4: =_xlfn.RANK.AVG(H4,$H$4:$H$9,1)/6 -> 1 | K4: =_xlfn.RANK.AVG(E4,$E$4:$E$9,1)/6 -> 1 | L4: =_xlfn.RANK.AVG(F4,$F$4:$F$9,1)/6 -> 1 | M4: =_xlfn.RANK.AVG(G4,$G$4:$G$9,1)/6 -> 1
A5: Bình Dương | B5: ='1_Du_lieu'!E4 -> 36 | C5: ='1_Du_lieu'!F4 -> 47 | D5: ='1_Du_lieu'!G4 -> 63 | E5: =0.2*B5 -> 7.2 | F5: =0.4*C5 -> 18.8 | G5: =0.4*D5 -> 25.2 | H5: =E5+F5+G5 -> 51.2 | I5: ='1_Du_lieu'!D4 -> 51 | J5: =_xlfn.RANK.AVG(H5,$H$4:$H$9,1)/6 -> 0.83333333 | K5: =_xlfn.RANK.AVG(E5,$E$4:$E$9,1)/6 -> 0.66666667 | L5: =_xlfn.RANK.AVG(F5,$F$4:$F$9,1)/6 -> 0.83333333 | M5: =_xlfn.RANK.AVG(G5,$G$4:$G$9,1)/6 -> 0.83333333
A6: Đà Nẵng | B6: ='1_Du_lieu'!E5 -> 70 | C6: ='1_Du_lieu'!F5 -> 31 | D6: ='1_Du_lieu'!G5 -> 52 | E6: =0.2*B6 -> 14 | F6: =0.4*C6 -> 12.4 | G6: =0.4*D6 -> 20.8 | H6: =E6+F6+G6 -> 47.2 | I6: ='1_Du_lieu'!D5 -> 47 | J6: =_xlfn.RANK.AVG(H6,$H$4:$H$9,1)/6 -> 0.66666667 | K6: =_xlfn.RANK.AVG(E6,$E$4:$E$9,1)/6 -> 0.83333333 | L6: =_xlfn.RANK.AVG(F6,$F$4:$F$9,1)/6 -> 0.5 | M6: =_xlfn.RANK.AVG(G6,$G$4:$G$9,1)/6 -> 0.66666667
A7: Cần Thơ | B7: ='1_Du_lieu'!E6 -> 29 | C7: ='1_Du_lieu'!F6 -> 33 | D7: ='1_Du_lieu'!G6 -> 23 | E7: =0.2*B7 -> 5.8 | F7: =0.4*C7 -> 13.2 | G7: =0.4*D7 -> 9.2 | H7: =E7+F7+G7 -> 28.2 | I7: ='1_Du_lieu'!D6 -> 28 | J7: =_xlfn.RANK.AVG(H7,$H$4:$H$9,1)/6 -> 0.5 | K7: =_xlfn.RANK.AVG(E7,$E$4:$E$9,1)/6 -> 0.5 | L7: =_xlfn.RANK.AVG(F7,$F$4:$F$9,1)/6 -> 0.66666667 | M7: =_xlfn.RANK.AVG(G7,$G$4:$G$9,1)/6 -> 0.33333333
A8: Lâm Đồng | B8: ='1_Du_lieu'!E7 -> 28 | C8: ='1_Du_lieu'!F7 -> 24 | D8: ='1_Du_lieu'!G7 -> 26 | E8: =0.2*B8 -> 5.6 | F8: =0.4*C8 -> 9.6 | G8: =0.4*D8 -> 10.4 | H8: =E8+F8+G8 -> 25.6 | I8: ='1_Du_lieu'!D7 -> 26 | J8: =_xlfn.RANK.AVG(H8,$H$4:$H$9,1)/6 -> 0.33333333 | K8: =_xlfn.RANK.AVG(E8,$E$4:$E$9,1)/6 -> 0.33333333 | L8: =_xlfn.RANK.AVG(F8,$F$4:$F$9,1)/6 -> 0.16666667 | M8: =_xlfn.RANK.AVG(G8,$G$4:$G$9,1)/6 -> 0.5
A9: Thái Nguyên | B9: ='1_Du_lieu'!E8 -> 21 | C9: ='1_Du_lieu'!F8 -> 26 | D9: ='1_Du_lieu'!G8 -> 14 | E9: =0.2*B9 -> 4.2 | F9: =0.4*C9 -> 10.4 | G9: =0.4*D9 -> 5.6 | H9: =E9+F9+G9 -> 20.2 | I9: ='1_Du_lieu'!D8 -> 20 | J9: =_xlfn.RANK.AVG(H9,$H$4:$H$9,1)/6 -> 0.16666667 | K9: =_xlfn.RANK.AVG(E9,$E$4:$E$9,1)/6 -> 0.16666667 | L9: =_xlfn.RANK.AVG(F9,$F$4:$F$9,1)/6 -> 0.33333333 | M9: =_xlfn.RANK.AVG(G9,$G$4:$G$9,1)/6 -> 0.16666667
A11: Trụ cột k | B11: S_k = TB(w·X)/TB(EBI tái tạo) | C11: G_k = Gini(w·X) | D11: R_k = COVAR(w·X, hạng EBI)/COVAR(w·X, hạng chính nó) | E11: S_k·G_k·R_k | F11: Đóng góp (%)
A12: NNL&HT | B12: =AVERAGE($E$4:$E$9)/AVERAGE($H$4:$H$9) -> 0.21901793 | C12: =(2*SUMPRODUCT(_xlfn.RANK.AVG($E$4:$E$9,$E$4:$E$9,1),$E$4:$E$9)/(6*SUM($E$4:$E$9))-(6+1)/6) -> 0.30427046 | D12: =_xlfn.COVARIANCE.S($E$4:$E$9,$J$4:$J$9)/_xlfn.COVARIANCE.S($E$4:$E$9,$K$4:$K$9) -> 0.86744639 | E12: =B12*C12*D12 -> 0.057807223 | F12: =E12/SUM($E$12:$E$14)*100 -> 21.404521
A13: B2C | B13: =AVERAGE($F$4:$F$9)/AVERAGE($H$4:$H$9) -> 0.37100546 | C13: =(2*SUMPRODUCT(_xlfn.RANK.AVG($F$4:$F$9,$F$4:$F$9,1),$F$4:$F$9)/(6*SUM($F$4:$F$9))-(6+1)/6) -> 0.23109244 | D13: =_xlfn.COVARIANCE.S($F$4:$F$9,$J$4:$J$9)/_xlfn.COVARIANCE.S($F$4:$F$9,$L$4:$L$9) -> 0.97575758 | E13: =B13*C13*D13 -> 0.083658093 | F13: =E13/SUM($E$12:$E$14)*100 -> 30.976431
A14: B2B | B14: =AVERAGE($G$4:$G$9)/AVERAGE($H$4:$H$9) -> 0.40997662 | C14: =(2*SUMPRODUCT(_xlfn.RANK.AVG($G$4:$G$9,$G$4:$G$9,1),$G$4:$G$9)/(6*SUM($G$4:$G$9))-(6+1)/6) -> 0.31749049 | D14: =_xlfn.COVARIANCE.S($G$4:$G$9,$J$4:$J$9)/_xlfn.COVARIANCE.S($G$4:$G$9,$M$4:$M$9) -> 0.98802395 | E14: =B14*C14*D14 -> 0.12860483 | F14: =E14/SUM($E$12:$E$14)*100 -> 47.619048
A15: Tổng Σ S·G·R | E15: =SUM(E12:E14) -> 0.27007015
A16: Gini của EBI tái tạo (để đối chiếu) | E16: =(2*SUMPRODUCT(_xlfn.RANK.AVG($H$4:$H$9,$H$4:$H$9,1),$H$4:$H$9)/(6*SUM($H$4:$H$9))-(6+1)/6) -> 0.27007015
A18: Trong bài báo (2024, 58 tỉnh): Gini EBI 0,245; đóng góp NNL&HT 24,4%, B2C 29,8%, B2B 45,9% (Bảng 4). Lưu ý: hàm Gini trong Excel ở đây dùng RANK.AVG nên đúng khi không có giá trị trùng; trong ví dụ này không trùng.

Sheet 7_Beta_hoi_tu
A1: Hội tụ beta tuyệt đối 2021→2024: g_i = (1/T)·ln(EBI_2024/EBI_2021) = α + β·ln(EBI_2021) (Bảng 5, Hình 7, phương trình (2))
A2: β < 0 nghĩa là tỉnh xuất phát thấp (ln EBI_2021 nhỏ) tăng nhanh hơn → hội tụ. Tốc độ hội tụ λ = −ln(1+β·T)/T; thời gian bán hội tụ = ln2/λ. T = 3 năm.
A3: Tỉnh | B3: EBI 2021 (y0) | C3: EBI 2024 (y1) | D3: x = ln(y0) | E3: ln(y1) | F3: g = (ln y1 − ln y0)/T | G3: x − x̄ | H3: g − ḡ | I3: (x−x̄)(g−ḡ) | J3: (x−x̄)²
A4: Hà Nội | B4: ='1_Du_lieu'!H3 -> 55.66 | C4: ='1_Du_lieu'!D3 -> 84 | D4: =LN(B4) -> 4.0192618 | E4: =LN(C4) -> 4.4308168 | F4: =(E4-D4)/$B$16 -> 0.13718501 | G4: =D4-$D$13 -> 1.426577 | H4: =F4-$F$13 -> -0.20963249 | I4: =G4*H4 -> -0.2990569 | J4: =G4^2 -> 2.0351221
A5: Bình Dương | B5: ='1_Du_lieu'!H4 -> 14.76 | C5: ='1_Du_lieu'!D4 -> 51 | D5: =LN(B5) -> 2.6919208 | E5: =LN(C5) -> 3.9318256 | F5: =(E5-D5)/$B$16 -> 0.4133016 | G5: =D5-$D$13 -> 0.099236104 | H5: =F5-$F$13 -> 0.066484101 | I5: =G5*H5 -> 0.0065976231 | J5: =G5^2 -> 0.0098478043
A6: Đà Nẵng | B6: ='1_Du_lieu'!H5 -> 19.04 | C6: ='1_Du_lieu'!D5 -> 47 | D6: =LN(B6) -> 2.946542 | E6: =LN(C6) -> 3.8501476 | F6: =(E6-D6)/$B$16 -> 0.30120186 | G6: =D6-$D$13 -> 0.35385731 | H6: =F6-$F$13 -> -0.045615646 | I6: =G6*H6 -> -0.01614143 | J6: =G6^2 -> 0.125215
A7: Cần Thơ | B7: ='1_Du_lieu'!H6 -> 8.59 | C7: ='1_Du_lieu'!D6 -> 28 | D7: =LN(B7) -> 2.1505987 | E7: =LN(C7) -> 3.3322045 | F7: =(E7-D7)/$B$16 -> 0.39386859 | G7: =D7-$D$13 -> -0.44208598 | H7: =F7-$F$13 -> 0.047051088 | I7: =G7*H7 -> -0.020800626 | J7: =G7^2 -> 0.19544001
A8: Lâm Đồng | B8: ='1_Du_lieu'!H7 -> 6.65 | C8: ='1_Du_lieu'!D7 -> 26 | D8: =LN(B8) -> 1.8946169 | E8: =LN(C8) -> 3.2580965 | F8: =(E8-D8)/$B$16 -> 0.45449323 | G8: =D8-$D$13 -> -0.69806786 | H8: =F8-$F$13 -> 0.10767572 | I8: =G8*H8 -> -0.075164963 | J8: =G8^2 -> 0.48729874
A9: Thái Nguyên | B9: ='1_Du_lieu'!H8 -> 6.38 | C9: ='1_Du_lieu'!D8 -> 20 | D9: =LN(B9) -> 1.8531681 | E9: =LN(C9) -> 2.9957323 | F9: =(E9-D9)/$B$16 -> 0.38085473 | G9: =D9-$D$13 -> -0.73951662 | H9: =F9-$F$13 -> 0.034037222 | I9: =G9*H9 -> -0.025171091 | J9: =G9^2 -> 0.54688483
A10: (hàng trống)
A13: Trung bình | D13: =AVERAGE(D4:D9) -> 2.5926847 | F13: =AVERAGE(F4:F9) -> 0.3468175 | I13: =SUM(I4:I9) -> -0.42973738 | J13: =SUM(J4:J9) -> 3.3998084
A16: T (số năm) | B16: 3
A17: β = Σ(x−x̄)(g−ḡ) / Σ(x−x̄)² | B17: =I13/J13 -> -0.12640047 | C17: kiểm tra bằng SLOPE: | D17: =SLOPE(F4:F9,D4:D9) -> -0.12640047
A18: α = ḡ − β·x̄ | B18: =F13-B17*D13 -> 0.67453407 | C18: kiểm tra bằng INTERCEPT: | D18: =INTERCEPT(F4:F9,D4:D9) -> 0.67453407
A19: R² | B19: =RSQ(F4:F9,D4:D9) -> 0.83039949
A20: λ = −ln(1+β·T)/T | B20: =-LN(1+B17*B16)/B16 -> 0.15891619
A21: Tốc độ hội tụ (%/năm) = λ×100 | B21: =B20*100 -> 15.891619
A22: Thời gian bán hội tụ (năm) = ln2/λ | B22: =LN(2)/B20 -> 4.3617152
A23: Kết luận | B23: =IF(B17<0,"β âm → tỉnh thấp tăng nhanh hơn → HỘI TỤ","β dương → PHÂN KỲ") -> β âm → tỉnh thấp tăng nhanh hơn → HỘI TỤ
A25: Trong bài báo (56 tỉnh, 2021–2024): β = −0,0888 (SE 0,0180), λ = 10,3%/năm, bán hội tụ 6,7 năm, R² = 0,528 (Bảng 5, Hình 7). Bài dùng sai số chuẩn vững HC1 để tính p-value; Excel không có sẵn HC1 nên chỉ minh hoạ β, α, R².

Sheet 8_OLS
A1: Hồi quy OLS đơn giản: ln(EBI) = b0 + b1·(DN/1.000 dân) (Bảng 6 – mô hình đầy đủ có 8 biến + biến giả năm, phương trình (3))
A2: Bài dùng 8 biến + hiệu ứng năm trên 331 quan sát tỉnh–năm. Ở đây minh hoạ với 1 biến, 6 tỉnh, năm 2024 để thấy cách OLS chọn đường thẳng "khớp nhất" (tổng bình phương phần dư nhỏ nhất) và cách đọc hệ số.
A3: Tỉnh | B3: x = DN/1.000 dân | C3: y = ln(EBI 2024) | D3: x − x̄ | E3: y − ȳ | F3: (x−x̄)(y−ȳ) | G3: (x−x̄)² | H3: ŷ = b0 + b1·x | I3: phần dư = y − ŷ | J3: phần dư²
A4: Hà Nội | B4: ='1_Du_lieu'!I3 -> 22.58 | C4: =LN('1_Du_lieu'!D3) -> 4.4308168 | D4: =B4-$B$12 -> 9.7016667 | E4: =C4-$C$12 -> 0.79767957 | F4: =D4*E4 -> 7.7388213 | G4: =D4^2 -> 94.122336 | H4: =$B$15+$B$14*B4 -> 4.284254 | I4: =C4-H4 -> 0.14656283 | J4: =I4^2 -> 0.021480664
A5: Bình Dương | B5: ='1_Du_lieu'!I4 -> 15.82 | C5: =LN('1_Du_lieu'!D4) -> 3.9318256 | D5: =B5-$B$12 -> 2.9416667 | E5: =C5-$C$12 -> 0.29868841 | F5: =D5*E5 -> 0.87864173 | G5: =D5^2 -> 8.6534028 | H5: =$B$15+$B$14*B5 -> 3.830564 | I5: =C5-H5 -> 0.10126167 | J5: =I5^2 -> 0.010253925
A6: Đà Nẵng | B6: ='1_Du_lieu'!I5 -> 19.88 | C6: =LN('1_Du_lieu'!D5) -> 3.8501476 | D6: =B6-$B$12 -> 7.0016667 | E6: =C6-$C$12 -> 0.21701038 | F6: =D6*E6 -> 1.5194343 | G6: =D6^2 -> 49.023336 | H6: =$B$15+$B$14*B6 -> 4.1030464 | I6: =C6-H6 -> -0.25289882 | J6: =I6^2 -> 0.063957813
A7: Cần Thơ | B7: ='1_Du_lieu'!I6 -> 8.54 | C7: =LN('1_Du_lieu'!D6) -> 3.3322045 | D7: =B7-$B$12 -> -4.3383333 | E7: =C7-$C$12 -> -0.30093272 | F7: =D7*E7 -> 1.3055464 | G7: =D7^2 -> 18.821136 | H7: =$B$15+$B$14*B7 -> 3.3419747 | I7: =C7-H7 -> -0.0097702215 | J7: =I7^2 -> 9.5457228e-05
A8: Lâm Đồng | B8: ='1_Du_lieu'!I7 -> 5.99 | C8: =LN('1_Du_lieu'!D7) -> 3.2580965 | D8: =B8-$B$12 -> -6.8883333 | E8: =C8-$C$12 -> -0.37504069 | F8: =D8*E8 -> 2.5834053 | G8: =D8^2 -> 47.449136 | H8: =$B$15+$B$14*B8 -> 3.1708343 | I8: =C8-H8 -> 0.087262266 | J8: =I8^2 -> 0.007614703
A9: Thái Nguyên | B9: ='1_Du_lieu'!I8 -> 4.46 | C9: =LN('1_Du_lieu'!D8) -> 2.9957323 | D9: =B9-$B$12 -> -8.4183333 | E9: =C9-$C$12 -> -0.63740495 | F9: =D9*E9 -> 5.3658874 | G9: =D9^2 -> 70.868336 | H9: =$B$15+$B$14*B9 -> 3.06815 | I9: =C9-H9 -> -0.072417723 | J9: =I9^2 -> 0.0052443266
A12: Trung bình | B12: =AVERAGE(B4:B9) -> 12.878333 | C12: =AVERAGE(C4:C9) -> 3.6331372 | F12: =SUM(F4:F9) -> 19.391736 | G12: =SUM(G4:G9) -> 288.93768 | J12: =SUM(J4:J9) -> 0.10864689
A14: b1 (độ dốc) = Σ(x−x̄)(y−ȳ)/Σ(x−x̄)² | B14: =F12/G12 -> 0.067113906 | C14: kiểm tra SLOPE: | D14: =SLOPE(C4:C9,B4:B9) -> 0.067113906
A15: b0 (hằng số) = ȳ − b1·x̄ | B15: =C12-B14*B12 -> 2.768822 | C15: kiểm tra INTERCEPT: | D15: =INTERCEPT(C4:C9,B4:B9) -> 2.768822
A16: R² = 1 − Σphần dư²/Σ(y−ȳ)² | B16: =1-J12/SUMSQ(E4:E9) -> 0.92295105 | C16: kiểm tra RSQ: | D16: =RSQ(C4:C9,B4:B9) -> 0.92295105
A17: Sai số chuẩn thường của b1 (LINEST) | B17: =INDEX(LINEST(C4:C9,B4:B9,TRUE,TRUE),2,1) -> 0.0096956417
A18: t = b1 / SE | B18: =B14/B17 -> 6.9220695
A19: p-value (2 phía, df = N−2) | B19: =_xlfn.T.DIST.2T(ABS(B18),COUNT(B4:B9)-2) -> 0.0022859914
A20: Đọc hệ số: thêm 1 DN/1.000 dân → EBI tăng ≈ (e^b1 − 1)×100 % | B20: =(EXP(B14)-1)*100 -> 6.9417284
A22: Trong bài báo (Bảng 6, cột 2): hệ số mật độ DN = 0,070 (SE cụm 0,007, p < 0,001) → mỗi DN thêm trên 1.000 dân gắn với EBI cao hơn ≈ 7,3%; R² = 0,936; VIF lớn nhất 5,37. Ví dụ 1 biến ở đây cho hệ số khác vì chưa kiểm soát 7 biến còn lại và hiệu ứng năm.

Sheet 9_Oaxaca
A1: Phân tách Oaxaca–Blinder: khoảng cách ln(EBI) lõi − ngoại vi = phần NGUỒN LỰC + phần HỆ SỐ (Bảng 8, 8b, Hình 8, phương trình (4))
A2: Ví dụ 1 biến (x = DN/1.000 dân), hệ số tham chiếu = hệ số của nhóm lõi (bài dùng hệ số gộp theo Jann 2008 – ý tưởng giống nhau). Nguồn lực = (x̄_L − x̄_N)·β_L; Hệ số = phần còn lại.
A3: Tỉnh | B3: Nhóm | C3: x = DN/1.000 dân | D3: y = ln(EBI 2024)
A4: Hà Nội | B4: Lõi | C4: ='1_Du_lieu'!I3 -> 22.58 | D4: =LN('1_Du_lieu'!D3) -> 4.4308168
A5: Bình Dương | B5: Lõi | C5: ='1_Du_lieu'!I4 -> 15.82 | D5: =LN('1_Du_lieu'!D4) -> 3.9318256
A6: Đà Nẵng | B6: Ngoại vi | C6: ='1_Du_lieu'!I5 -> 19.88 | D6: =LN('1_Du_lieu'!D5) -> 3.8501476
A7: Cần Thơ | B7: Ngoại vi | C7: ='1_Du_lieu'!I6 -> 8.54 | D7: =LN('1_Du_lieu'!D6) -> 3.3322045
A8: Lâm Đồng | B8: Ngoại vi | C8: ='1_Du_lieu'!I7 -> 5.99 | D8: =LN('1_Du_lieu'!D7) -> 3.2580965
A9: Thái Nguyên | B9: Ngoại vi | C9: ='1_Du_lieu'!I8 -> 4.46 | D9: =LN('1_Du_lieu'!D8) -> 2.9957323
A11: Đại lượng | B11: Nhóm Lõi (L) | C11: Nhóm Ngoại vi (N) | D11: Ghi chú
A12: x̄ (trung bình mật độ DN) | B12: =AVERAGEIF($B$4:$B$9,"Lõi",$C$4:$C$9) -> 19.2 | C12: =AVERAGEIF($B$4:$B$9,"Ngoại vi",$C$4:$C$9) -> 9.7175
A13: ȳ (trung bình ln EBI) | B13: =AVERAGEIF($B$4:$B$9,"Lõi",$D$4:$D$9) -> 4.1813212 | C13: =AVERAGEIF($B$4:$B$9,"Ngoại vi",$D$4:$D$9) -> 3.3590452
A14: β (độ dốc) hồi quy riêng từng nhóm | B14: =SLOPE(D4:D5,C4:C5) -> 0.073815261 | C14: =SLOPE(D6:D9,C6:C9) -> 0.049992566 | D14: Lõi chỉ có 2 tỉnh nên đường thẳng đi qua đúng 2 điểm (minh hoạ)
A15: α (hằng số) hồi quy riêng từng nhóm | B15: =INTERCEPT(D4:D5,C4:C5) -> 2.7640682 | C15: =INTERCEPT(D6:D9,C6:C9) -> 2.8732425
A17: Khoảng cách = ȳ_L − ȳ_N | B17: =B13-C13 -> 0.82227598 | D17: =TEXT((EXP(B17)-1)*100,"0")&"% – EBI vùng lõi cao hơn ngoại vi chừng này (e^khoảng cách − 1)" -> 128% – EBI vùng lõi cao hơn ngoại vi chừng này (e^khoảng cách − 1)
A18: Phần NGUỒN LỰC = (x̄_L − x̄_N) × β_L | B18: =(B12-C12)*B14 -> 0.69995321 | D18: "nếu ngoại vi có mật độ DN như lõi (và vẫn quy đổi theo hệ số của lõi) thì khoảng cách thu hẹp bấy nhiêu"
A19: Phần HỆ SỐ = khoảng cách − phần nguồn lực | B19: =B17-B18 -> 0.12232277 | D19: "cùng mật độ DN nhưng chuyển hoá thành EBI khác nhau (hằng số + độ dốc khác)"
A20: % nguồn lực | B20: =B18/B17*100 -> 85.123879
A21: % hệ số | B21: =B19/B17*100 -> 14.876121
A22: Kiểm tra: nguồn lực + hệ số = khoảng cách | B22: =B18+B19 -> 0.82227598 | C22: =IF(ABS(B22-B17)<0.00001,"✓","✗") -> ✓
A24: Trong bài báo (331 quan sát 2019–2024, 8 biến + biến giả năm, hệ số gộp): khoảng cách 0,455 (≈ 58% EBI); nguồn lực 0,360 = 79,1%; hệ số 0,095 = 20,9%; riêng mật độ DN giải thích 69,4% khoảng cách (Bảng 8, 8b, Hình 8).
