Workbook

Sheet 0_Huong_dan
A1: SỔ TÍNH TOÁN ĐẦY ĐỦ – TOÀN BỘ SỐ LIỆU CỦA BÀI BÁO "KHOẢNG CÁCH TMĐT GIỮA 63 TỈNH, 2017–2024"
A3: Đây là bản "làm thật": mọi con số trong bài đều truy được về sheet 1_Du_lieu qua công thức, trừ các thống kê Excel không có hàm (đánh dấu màu cam).
A4: MÀU Ô: VÀNG = số liệu gốc nhập vào (VECOM, Niên giám); XANH LÁ = công thức Excel (bấm vào ô để xem); XÁM = kết quả cuối được dẫn trong bài; CAM = giá trị dán từ script 01_phan_tich.py (Excel không có hàm: sai số chuẩn cụm theo tỉnh, p-value vững HC1, VIF, kiểm định Wald, hiệu ứng cố định tỉnh, Oaxaca–Blinder bootstrap).
A5: Sheet cuối "11_Doi_chieu" so sánh từng con số Excel tính được với Python: cột "Chênh lệch" phải ≈ 0.
A6: Số trong Excel dùng dấu chấm thập phân (định dạng máy); bài báo in dấu phẩy. Các số trong bài đã làm tròn 3–4 chữ số.
A7: Hàng dữ liệu được sắp theo NĂM rồi TỈNH (63 tỉnh mỗi năm, cùng thứ tự) nên "năm trước" của một dòng luôn nằm đúng 63 dòng phía trên – các biến trễ (_L1) dựa vào quy tắc đó.
A9: Sheet | B9: Nội dung | C9: Tương ứng trong bài báo | D9: Loại tính toán
A10: 1_Du_lieu | B10: 504 dòng tỉnh–năm: EBI + 4 trụ cột (VECOM), biến Niên giám, biến dẫn xuất ln(…), biến trễ 1 năm | C10: Bảng 1 (mô tả biến), Mục 3.1–3.2 | D10: Nhập + công thức dẫn xuất
A11: 2_Bang1_Mo_ta | B11: Thống kê mô tả 16 biến | C11: Bảng 1 | D11: Công thức
A12: 3_Bang2_EBI_tuong_doi | B12: EBI tương đối từng tỉnh–năm; trung bình vùng theo giai đoạn; ma trận vùng × năm; biểu đồ | C12: Bảng 2, Hình 2, Mục 3.1, 4.1 | D12: Công thức + biểu đồ
A13: 4_Bang3_Gini_Theil | B13: Gini, CV, SD ln, Theil-T, MLD và phân rã giữa/trong 6 vùng từng năm; kiểm tra bỏ HN & TP.HCM; biểu đồ | C13: Bảng 3, Hình 3, Hình 4, phương trình (1) | D13: Công thức + biểu đồ
A14: 5_Bang4_Gini_tru_cot | B14: Phân rã Gini theo trụ cột S·G·R từng năm | C14: Bảng 4, Mục 4.2 | D14: Công thức
A15: 6_Bang5a_Sigma | B15: Hệ số biến thiên EBI và 3 trụ cột theo năm; biểu đồ | C15: Hình 5, Mục 4.3 | D15: Công thức + biểu đồ
A16: 7_Bang5_Beta | B16: Hội tụ beta tuyệt đối và có điều kiện 3 cửa sổ; λ, bán hội tụ; biểu đồ điểm + đường xu hướng | C16: Bảng 5, 5b, Hình 6, 7, phương trình (2) | D16: Công thức (LINEST) + dán SE vững, bảng động
A17: 8_Bang6_7_9_OLS | B17: Hồi quy OLS gộp M1–M4, hệ số chuẩn hóa, ma trận tương quan, biến giả vùng M5–M6, cắt ngang 2024 | C17: Bảng 6, 7, 9, phương trình (3) | D17: Công thức (LINEST) + dán SE cụm, p, VIF, Wald, FE tỉnh
A18: 9_Bang8_Oaxaca | B18: Phân tách Oaxaca–Blinder lõi – ngoại vi: trung bình nhóm, phần nguồn lực theo biến, tổng; biểu đồ | C18: Bảng 8, 8b, Hình 8, phương trình (4) | D18: Công thức (trung bình, tích) + dán β*, bootstrap
A19: 10_So_lieu_khac | B19: Top/bottom 5 tỉnh 2024, tỷ số max/trung vị, P90/P10, lõi – ngoại vi theo năm, tỉnh thiếu số liệu | C19: Mục 3.1, 4.1, 4.3 | D19: Công thức
A20: 11_Doi_chieu | B20: Đối chiếu Excel ↔ Python cho mọi con số then chốt | C20: — | D20: Kiểm tra

Sheet 1_Du_lieu
A1: DỮ LIỆU GỐC 63 TỈNH × 8 NĂM (sắp theo năm, rồi tỉnh)
A2: Cột vàng: nhập từ VECOM (EBI, trụ cột) và Niên giám Thống kê. Cột xanh: dẫn xuất bằng công thức. Ô EBI trống = VECOM không xếp hạng tỉnh đó năm đó.
A4: Tỉnh | B4: Năm | C4: Vùng (6 vùng NGTK) | D4: Lõi=1 (ĐNB, ĐBSH) | E4: EBI | F4: NNL&HT | G4: B2C | H4: B2B | I4: G2B (≤2020) | J4: Dân số (nghìn người) | K4: GRDP/người (tr.đ) | L4: DN/1.000 dân | M4: % thành thị | N4: % LĐ qua đào tạo | O4: % hộ có máy tính | P4: Hàng hóa đường bộ (nghìn tấn) | Q4: Hàng hóa/người (tấn) | R4: Siêu thị | S4: TTTM | T4: ST+TTTM/100.000 dân | U4: FDI lũy kế/người (USD) | V4: ln(EBI) | W4: ln(GRDP/người) | X4: ln(hàng hóa/người) | Y4: ln(1+FDI/người) | Z4: ln(GRDP/người) (t−1) | AA4: Mật độ DN (DN/1.000 dân) (t−1) | AB4: Tỷ lệ dân số thành thị (%) (t−1) | AC4: Tỷ lệ LĐ qua đào tạo (%) (t−1) | AD4: Tỷ lệ hộ có máy tính (%) (t−1) | AE4: ln(Hàng hóa vận chuyển đường bộ/người) (t−1) | AF4: Siêu thị + TTTM/100.000 dân (t−1) | AG4: ln(1 + FDI lũy kế/người) (t−1)
A5: An Giang | B5: 2017 | C5: ĐBSCL | D5: =IF(OR(C5="ĐNB",C5="ĐBSH"),1,0) -> 0 | E5: 27.2 | F5: 12.4 | G5: 40.4 | H5: 14.5 | I5: 70.5 | J5: 1954.2 | L5: 2.259 | M5: 30.99 | N5: 12.5 | P5: 5515.3 | Q5: =IF(P5="","",P5/J5) -> 2.8222802 | R5: 6 | S5: 2 | T5: =(R5+S5)/J5*100 -> 0.40937468 | U5: 101.4 | V5: =IF(E5="","",LN(E5)) -> 3.303217 | W5: =IF(K5="","",LN(K5)) | X5: =IF(Q5="","",LN(Q5)) -> 1.0375451 | Y5: =LN(1+U5) -> 4.6288867 | Z5: =IF(B5=2017,"",W-58) | AA5: =IF(B5=2017,"",L-58) | AB5: =IF(B5=2017,"",M-58) | AC5: =IF(B5=2017,"",N-58) | AD5: =IF(B5=2017,"",O-58) | AE5: =IF(B5=2017,"",X-58) | AF5: =IF(B5=2017,"",T-58) | AG5: =IF(B5=2017,"",Y-58)
A6: Bà Rịa - Vũng Tàu | B6: 2017 | C6: ĐNB | D6: =IF(OR(C6="ĐNB",C6="ĐBSH"),1,0) -> 1 | E6: 37.8 | F6: 21.3 | G6: 57 | H6: 28.6 | I6: 57 | J6: 1127.2 | L6: 7.945 | M6: 56.76 | N6: 26.5 | P6: 5908.1 | Q6: =IF(P6="","",P6/J6) -> 5.2413946 | R6: 8 | S6: 3 | T6: =(R6+S6)/J6*100 -> 0.97586941 | U6: 23809.5 | V6: =IF(E6="","",LN(E6)) -> 3.6323091 | W6: =IF(K6="","",LN(K6)) | X6: =IF(Q6="","",LN(Q6)) -> 1.6565876 | Y6: =LN(1+U6) -> 10.077882 | Z6: =IF(B6=2017,"",W-57) | AA6: =IF(B6=2017,"",L-57) | AB6: =IF(B6=2017,"",M-57) | AC6: =IF(B6=2017,"",N-57) | AD6: =IF(B6=2017,"",O-57) | AE6: =IF(B6=2017,"",X-57) | AF6: =IF(B6=2017,"",T-57) | AG6: =IF(B6=2017,"",Y-57)
A7: Bình Dương | B7: 2017 | C7: ĐNB | D7: =IF(OR(C7="ĐNB",C7="ĐBSH"),1,0) -> 1 | E7: 43 | F7: 21.2 | G7: 62.1 | H7: 36.7 | I7: 69.5 | J7: 2227.2 | L7: 10.316 | M7: 76.19 | N7: 18.7 | P7: 47046.7 | Q7: =IF(P7="","",P7/J7) -> 21.123698 | R7: 11 | S7: 3 | T7: =(R7+S7)/J7*100 -> 0.62859195 | U7: 13622 | V7: =IF(E7="","",LN(E7)) -> 3.7612001 | W7: =IF(K7="","",LN(K7)) | X7: =IF(Q7="","",LN(Q7)) -> 3.0503955 | Y7: =LN(1+U7) -> 9.5195148 | Z7: =IF(B7=2017,"",W-56) | AA7: =IF(B7=2017,"",L-56) | AB7: =IF(B7=2017,"",M-56) | AC7: =IF(B7=2017,"",N-56) | AD7: =IF(B7=2017,"",O-56) | AE7: =IF(B7=2017,"",X-56) | AF7: =IF(B7=2017,"",T-56) | AG7: =IF(B7=2017,"",Y-56)
A8: Bình Phước | B8: 2017 | C8: ĐNB | D8: =IF(OR(C8="ĐNB",C8="ĐBSH"),1,0) -> 1 | E8: 24 | F8: 11 | G8: 35 | H8: 17.8 | I8: 49 | J8: 972.6 | L8: 4.16 | M8: 22.27 | N8: 14 | P8: 2442.3 | Q8: =IF(P8="","",P8/J8) -> 2.5111043 | R8: 2 | S8: 3 | T8: =(R8+S8)/J8*100 -> 0.51408596 | U8: 2016 | V8: =IF(E8="","",LN(E8)) -> 3.1780538 | W8: =IF(K8="","",LN(K8)) | X8: =IF(Q8="","",LN(Q8)) -> 0.9207226 | Y8: =LN(1+U8) -> 7.6093665 | Z8: =IF(B8=2017,"",W-55) | AA8: =IF(B8=2017,"",L-55) | AB8: =IF(B8=2017,"",M-55) | AC8: =IF(B8=2017,"",N-55) | AD8: =IF(B8=2017,"",O-55) | AE8: =IF(B8=2017,"",X-55) | AF8: =IF(B8=2017,"",T-55) | AG8: =IF(B8=2017,"",Y-55)
A9: Bình Thuận | B9: 2017 | C9: BTB&DHMT | D9: =IF(OR(C9="ĐNB",C9="ĐBSH"),1,0) -> 0 | E9: 29.5 | F9: 14.5 | G9: 41.5 | H9: 21.9 | I9: 60.9 | J9: 1220.5 | L9: 3.426 | M9: 38.32 | N9: 15.6 | P9: 7273.4 | Q9: =IF(P9="","",P9/J9) -> 5.9593609 | R9: 2 | S9: 1 | T9: =(R9+S9)/J9*100 -> 0.2458009 | U9: 2922.4 | V9: =IF(E9="","",LN(E9)) -> 3.3843903 | W9: =IF(K9="","",LN(K9)) | X9: =IF(Q9="","",LN(Q9)) -> 1.7849632 | Y9: =LN(1+U9) -> 7.9805026 | Z9: =IF(B9=2017,"",W-54) | AA9: =IF(B9=2017,"",L-54) | AB9: =IF(B9=2017,"",M-54) | AC9: =IF(B9=2017,"",N-54) | AD9: =IF(B9=2017,"",O-54) | AE9: =IF(B9=2017,"",X-54) | AF9: =IF(B9=2017,"",T-54) | AG9: =IF(B9=2017,"",Y-54)
A10: Bình Định | B10: 2017 | C10: BTB&DHMT | D10: =IF(OR(C10="ĐNB",C10="ĐBSH"),1,0) -> 0 | E10: 29.9 | F10: 15.5 | G10: 41 | H10: 24.4 | I10: 56.5 | J10: 1487.7 | L10: 3.96 | M10: 31.87 | N10: 16.9 | P10: 17047.4 | Q10: =IF(P10="","",P10/J10) -> 11.458896 | R10: 7 | S10: 4 | T10: =(R10+S10)/J10*100 -> 0.73939638 | U10: 451.6 | V10: =IF(E10="","",LN(E10)) -> 3.3978585 | W10: =IF(K10="","",LN(K10)) | X10: =IF(Q10="","",LN(Q10)) -> 2.4387664 | Y10: =LN(1+U10) -> 6.1150087 | Z10: =IF(B10=2017,"",W-53) | AA10: =IF(B10=2017,"",L-53) | AB10: =IF(B10=2017,"",M-53) | AC10: =IF(B10=2017,"",N-53) | AD10: =IF(B10=2017,"",O-53) | AE10: =IF(B10=2017,"",X-53) | AF10: =IF(B10=2017,"",T-53) | AG10: =IF(B10=2017,"",Y-53)
A11: Bạc Liêu | B11: 2017 | C11: ĐBSCL | D11: =IF(OR(C11="ĐNB",C11="ĐBSH"),1,0) -> 0 | J11: 897.7 | L11: 1.768 | M11: 27.48 | N11: 11.3 | P11: 2017.4 | Q11: =IF(P11="","",P11/J11) -> 2.2472987 | R11: 5 | S11: 1 | T11: =(R11+S11)/J11*100 -> 0.66837474 | U11: 79.6 | V11: =IF(E11="","",LN(E11)) | W11: =IF(K11="","",LN(K11)) | X11: =IF(Q11="","",LN(Q11)) -> 0.8097289 | Y11: =LN(1+U11) -> 4.3894986 | Z11: =IF(B11=2017,"",W-52) | AA11: =IF(B11=2017,"",L-52) | AB11: =IF(B11=2017,"",M-52) | AC11: =IF(B11=2017,"",N-52) | AD11: =IF(B11=2017,"",O-52) | AE11: =IF(B11=2017,"",X-52) | AF11: =IF(B11=2017,"",T-52) | AG11: =IF(B11=2017,"",Y-52)
A12: Bắc Giang | B12: 2017 | C12: TDMNPB | D12: =IF(OR(C12="ĐNB",C12="ĐBSH"),1,0) -> 0 | E12: 30 | F12: 11.6 | G12: 40.5 | H12: 25 | I12: 69 | J12: 1736.8 | L12: 2.715 | M12: 11.41 | N12: 17.9 | P12: 16517 | Q12: =IF(P12="","",P12/J12) -> 9.5100184 | R12: 7 | S12: 8 | T12: =(R12+S12)/J12*100 -> 0.8636573 | U12: 2581.5 | V12: =IF(E12="","",LN(E12)) -> 3.4011974 | W12: =IF(K12="","",LN(K12)) | X12: =IF(Q12="","",LN(Q12)) -> 2.2523458 | Y12: =LN(1+U12) -> 7.8565132 | Z12: =IF(B12=2017,"",W-51) | AA12: =IF(B12=2017,"",L-51) | AB12: =IF(B12=2017,"",M-51) | AC12: =IF(B12=2017,"",N-51) | AD12: =IF(B12=2017,"",O-51) | AE12: =IF(B12=2017,"",X-51) | AF12: =IF(B12=2017,"",T-51) | AG12: =IF(B12=2017,"",Y-51)
A13: Bắc Kạn | B13: 2017 | C13: TDMNPB | D13: =IF(OR(C13="ĐNB",C13="ĐBSH"),1,0) -> 0 | E13: 22.6 | F13: 13.8 | G13: 26.8 | H13: 18.5 | I13: 48.6 | J13: 309.9 | L13: 2.13 | M13: 19.81 | N13: 17.2 | P13: 1630 | Q13: =IF(P13="","",P13/J13) -> 5.2597612 | R13: 1 | S13: 0 | T13: =(R13+S13)/J13*100 -> 0.32268474 | U13: 41.9 | V13: =IF(E13="","",LN(E13)) -> 3.1179499 | W13: =IF(K13="","",LN(K13)) | X13: =IF(Q13="","",LN(Q13)) -> 1.6600856 | Y13: =LN(1+U13) -> 3.7588718 | Z13: =IF(B13=2017,"",W-50) | AA13: =IF(B13=2017,"",L-50) | AB13: =IF(B13=2017,"",M-50) | AC13: =IF(B13=2017,"",N-50) | AD13: =IF(B13=2017,"",O-50) | AE13: =IF(B13=2017,"",X-50) | AF13: =IF(B13=2017,"",T-50) | AG13: =IF(B13=2017,"",Y-50)
A14: Bắc Ninh | B14: 2017 | C14: ĐBSH | D14: =IF(OR(C14="ĐNB",C14="ĐBSH"),1,0) -> 1 | E14: 38.9 | F14: 19.8 | G14: 57.8 | H14: 30.3 | I14: 65.1 | J14: 1297.8 | L14: 6.644 | M14: 27.38 | N14: 22.4 | P14: 19099.4 | Q14: =IF(P14="","",P14/J14) -> 14.716751 | R14: 23 | S14: 2 | T14: =(R14+S14)/J14*100 -> 1.9263369 | U14: 12466 | V14: =IF(E14="","",LN(E14)) -> 3.6609943 | W14: =IF(K14="","",LN(K14)) | X14: =IF(Q14="","",LN(Q14)) -> 2.6889864 | Y14: =LN(1+U14) -> 9.4308404 | Z14: =IF(B14=2017,"",W-49) | AA14: =IF(B14=2017,"",L-49) | AB14: =IF(B14=2017,"",M-49) | AC14: =IF(B14=2017,"",N-49) | AD14: =IF(B14=2017,"",O-49) | AE14: =IF(B14=2017,"",X-49) | AF14: =IF(B14=2017,"",T-49) | AG14: =IF(B14=2017,"",Y-49)
A15: Bến Tre | B15: 2017 | C15: ĐBSCL | D15: =IF(OR(C15="ĐNB",C15="ĐBSH"),1,0) -> 0 | E15: 28.1 | F15: 15.8 | G15: 36.5 | H15: 19.5 | I15: 66 | J15: 1282.4 | L15: 2.281 | M15: 9.84 | N15: 12.9 | P15: 2964.6 | Q15: =IF(P15="","",P15/J15) -> 2.3117592 | R15: 2 | S15: 1 | T15: =(R15+S15)/J15*100 -> 0.23393637 | U15: 674.8 | V15: =IF(E15="","",LN(E15)) -> 3.3357696 | W15: =IF(K15="","",LN(K15)) | X15: =IF(Q15="","",LN(Q15)) -> 0.83800879 | Y15: =LN(1+U15) -> 6.5158972 | Z15: =IF(B15=2017,"",W-48) | AA15: =IF(B15=2017,"",L-48) | AB15: =IF(B15=2017,"",M-48) | AC15: =IF(B15=2017,"",N-48) | AD15: =IF(B15=2017,"",O-48) | AE15: =IF(B15=2017,"",X-48) | AF15: =IF(B15=2017,"",T-48) | AG15: =IF(B15=2017,"",Y-48)
A16: Cao Bằng | B16: 2017 | C16: TDMNPB | D16: =IF(OR(C16="ĐNB",C16="ĐBSH"),1,0) -> 0 | J16: 526.4 | L16: 1.795 | M16: 21.94 | N16: 21 | P16: 2956.2 | Q16: =IF(P16="","",P16/J16) -> 5.6158815 | R16: 4 | S16: 0 | T16: =(R16+S16)/J16*100 -> 0.75987842 | U16: 151.8 | V16: =IF(E16="","",LN(E16)) | W16: =IF(K16="","",LN(K16)) | X16: =IF(Q16="","",LN(Q16)) -> 1.7255986 | Y16: =LN(1+U16) -> 5.0291299 | Z16: =IF(B16=2017,"",W-47) | AA16: =IF(B16=2017,"",L-47) | AB16: =IF(B16=2017,"",M-47) | AC16: =IF(B16=2017,"",N-47) | AD16: =IF(B16=2017,"",O-47) | AE16: =IF(B16=2017,"",X-47) | AF16: =IF(B16=2017,"",T-47) | AG16: =IF(B16=2017,"",Y-47)
A17: Cà Mau | B17: 2017 | C17: ĐBSCL | D17: =IF(OR(C17="ĐNB",C17="ĐBSH"),1,0) -> 0 | E17: 21.2 | F17: 11.1 | G17: 24 | H17: 18.6 | I17: 51 | J17: 1197 | L17: 2.84 | M17: 22.46 | N17: 10.4 | P17: 453.7 | Q17: =IF(P17="","",P17/J17) -> 0.37903091 | R17: 4 | S17: 3 | T17: =(R17+S17)/J17*100 -> 0.58479532 | U17: 33.7 | V17: =IF(E17="","",LN(E17)) -> 3.0540012 | W17: =IF(K17="","",LN(K17)) | X17: =IF(Q17="","",LN(Q17)) -> -0.97013752 | Y17: =LN(1+U17) -> 3.5467397 | Z17: =IF(B17=2017,"",W-46) | AA17: =IF(B17=2017,"",L-46) | AB17: =IF(B17=2017,"",M-46) | AC17: =IF(B17=2017,"",N-46) | AD17: =IF(B17=2017,"",O-46) | AE17: =IF(B17=2017,"",X-46) | AF17: =IF(B17=2017,"",T-46) | AG17: =IF(B17=2017,"",Y-46)
A18: Cần Thơ | B18: 2017 | C18: ĐBSCL | D18: =IF(OR(C18="ĐNB",C18="ĐBSH"),1,0) -> 0 | E18: 37.2 | F18: 17.3 | G18: 55.5 | H18: 26.2 | I18: 75 | J18: 1222.4 | L18: 6.107 | M18: 68.94 | N18: 21.1 | P18: 3659 | Q18: =IF(P18="","",P18/J18) -> 2.9932919 | R18: 12 | S18: 6 | T18: =(R18+S18)/J18*100 -> 1.4725131 | U18: 526.5 | V18: =IF(E18="","",LN(E18)) -> 3.6163088 | W18: =IF(K18="","",LN(K18)) | X18: =IF(Q18="","",LN(Q18)) -> 1.0963737 | Y18: =LN(1+U18) -> 6.2681489 | Z18: =IF(B18=2017,"",W-45) | AA18: =IF(B18=2017,"",L-45) | AB18: =IF(B18=2017,"",M-45) | AC18: =IF(B18=2017,"",N-45) | AD18: =IF(B18=2017,"",O-45) | AE18: =IF(B18=2017,"",X-45) | AF18: =IF(B18=2017,"",T-45) | AG18: =IF(B18=2017,"",Y-45)
A19: Gia Lai | B19: 2017 | C19: TN | D19: =IF(OR(C19="ĐNB",C19="ĐBSH"),1,0) -> 0 | E19: 23.7 | F19: 10 | G19: 33 | H19: 21 | I19: 45 | J19: 1468.9 | L19: 2.37 | M19: 28.89 | N19: 11 | P19: 16943 | Q19: =IF(P19="","",P19/J19) -> 11.534482 | R19: 17 | S19: 1 | T19: =(R19+S19)/J19*100 -> 1.2254068 | U19: 8.3 | V19: =IF(E19="","",LN(E19)) -> 3.165475 | W19: =IF(K19="","",LN(K19)) | X19: =IF(Q19="","",LN(Q19)) -> 2.4453409 | Y19: =LN(1+U19) -> 2.2300144 | Z19: =IF(B19=2017,"",W-44) | AA19: =IF(B19=2017,"",L-44) | AB19: =IF(B19=2017,"",M-44) | AC19: =IF(B19=2017,"",N-44) | AD19: =IF(B19=2017,"",O-44) | AE19: =IF(B19=2017,"",X-44) | AF19: =IF(B19=2017,"",T-44) | AG19: =IF(B19=2017,"",Y-44)
A20: Hà Giang | B20: 2017 | C20: TDMNPB | D20: =IF(OR(C20="ĐNB",C20="ĐBSH"),1,0) -> 0 | J20: 833.7 | L20: 1.363 | M20: 15.02 | N20: 12.5 | P20: 2129.2 | Q20: =IF(P20="","",P20/J20) -> 2.5539163 | R20: 0 | S20: 0 | T20: =(R20+S20)/J20*100 -> 0 | U20: 13.3 | V20: =IF(E20="","",LN(E20)) | W20: =IF(K20="","",LN(K20)) | X20: =IF(Q20="","",LN(Q20)) -> 0.93762798 | Y20: =LN(1+U20) -> 2.6602595 | Z20: =IF(B20=2017,"",W-43) | AA20: =IF(B20=2017,"",L-43) | AB20: =IF(B20=2017,"",M-43) | AC20: =IF(B20=2017,"",N-43) | AD20: =IF(B20=2017,"",O-43) | AE20: =IF(B20=2017,"",X-43) | AF20: =IF(B20=2017,"",T-43) | AG20: =IF(B20=2017,"",Y-43)
A21: Hà Nam | B21: 2017 | C21: ĐBSH | D21: =IF(OR(C21="ĐNB",C21="ĐBSH"),1,0) -> 1 | E21: 29.3 | F21: 15.8 | G21: 40.4 | H21: 20.8 | I21: 61.5 | J21: 839.8 | L21: 3.991 | M21: 16.46 | N21: 18.1 | P21: 10547.9 | Q21: =IF(P21="","",P21/J21) -> 12.560014 | R21: 8 | S21: 2 | T21: =(R21+S21)/J21*100 -> 1.1907597 | U21: 2902.6 | V21: =IF(E21="","",LN(E21)) -> 3.3775875 | W21: =IF(K21="","",LN(K21)) | X21: =IF(Q21="","",LN(Q21)) -> 2.5305183 | Y21: =LN(1+U21) -> 7.9737066 | Z21: =IF(B21=2017,"",W-42) | AA21: =IF(B21=2017,"",L-42) | AB21: =IF(B21=2017,"",M-42) | AC21: =IF(B21=2017,"",N-42) | AD21: =IF(B21=2017,"",O-42) | AE21: =IF(B21=2017,"",X-42) | AF21: =IF(B21=2017,"",T-42) | AG21: =IF(B21=2017,"",Y-42)
A22: Hà Nội | B22: 2017 | C22: ĐBSH | D22: =IF(OR(C22="ĐNB",C22="ĐBSH"),1,0) -> 1 | E22: 75.8 | F22: 93.7 | G22: 69.2 | H22: 64.4 | I22: 76 | J22: 7742.2 | L22: 17.305 | M22: 49.21 | N22: 44.2 | P22: 102314.7 | Q22: =IF(P22="","",P22/J22) -> 13.215197 | R22: 124 | S22: 22 | T22: =(R22+S22)/J22*100 -> 1.8857689 | U22: 3569.8 | V22: =IF(E22="","",LN(E22)) -> 4.3280983 | W22: =IF(K22="","",LN(K22)) | X22: =IF(Q22="","",LN(Q22)) -> 2.5813675 | Y22: =LN(1+U22) -> 8.1805449 | Z22: =IF(B22=2017,"",W-41) | AA22: =IF(B22=2017,"",L-41) | AB22: =IF(B22=2017,"",M-41) | AC22: =IF(B22=2017,"",N-41) | AD22: =IF(B22=2017,"",O-41) | AE22: =IF(B22=2017,"",X-41) | AF22: =IF(B22=2017,"",T-41) | AG22: =IF(B22=2017,"",Y-41)
A23: Hà Tĩnh | B23: 2017 | C23: BTB&DHMT | D23: =IF(OR(C23="ĐNB",C23="ĐBSH"),1,0) -> 0 | E23: 27.1 | F23: 11.9 | G23: 33.2 | H23: 25 | I23: 60.8 | J23: 1274.2 | L23: 3.27 | M23: 18.62 | N23: 21.5 | P23: 31877.7 | Q23: =IF(P23="","",P23/J23) -> 25.017815 | R23: 5 | S23: 1 | T23: =(R23+S23)/J23*100 -> 0.47088369 | U23: 9114.1 | V23: =IF(E23="","",LN(E23)) -> 3.2995337 | W23: =IF(K23="","",LN(K23)) | X23: =IF(Q23="","",LN(Q23)) -> 3.2195882 | Y23: =LN(1+U23) -> 9.1176877 | Z23: =IF(B23=2017,"",W-40) | AA23: =IF(B23=2017,"",L-40) | AB23: =IF(B23=2017,"",M-40) | AC23: =IF(B23=2017,"",N-40) | AD23: =IF(B23=2017,"",O-40) | AE23: =IF(B23=2017,"",X-40) | AF23: =IF(B23=2017,"",T-40) | AG23: =IF(B23=2017,"",Y-40)
A24: Hòa Bình | B24: 2017 | C24: TDMNPB | D24: =IF(OR(C24="ĐNB",C24="ĐBSH"),1,0) -> 0 | E24: 25.1 | F24: 10.8 | G24: 30.1 | H24: 22.3 | I24: 61 | J24: 845 | L24: 2.368 | M24: 15.59 | N24: 17.8 | P24: 7461.8 | Q24: =IF(P24="","",P24/J24) -> 8.8305325 | R24: 4 | S24: 2 | T24: =(R24+S24)/J24*100 -> 0.71005917 | U24: 664.1 | V24: =IF(E24="","",LN(E24)) -> 3.2228678 | W24: =IF(K24="","",LN(K24)) | X24: =IF(Q24="","",LN(Q24)) -> 2.1782153 | Y24: =LN(1+U24) -> 6.4999374 | Z24: =IF(B24=2017,"",W-39) | AA24: =IF(B24=2017,"",L-39) | AB24: =IF(B24=2017,"",M-39) | AC24: =IF(B24=2017,"",N-39) | AD24: =IF(B24=2017,"",O-39) | AE24: =IF(B24=2017,"",X-39) | AF24: =IF(B24=2017,"",T-39) | AG24: =IF(B24=2017,"",Y-39)
A25: Hưng Yên | B25: 2017 | C25: ĐBSH | D25: =IF(OR(C25="ĐNB",C25="ĐBSH"),1,0) -> 1 | E25: 28 | F25: 14.2 | G25: 36.3 | H25: 21 | I25: 65.8 | J25: 1228.8 | L25: 4.736 | M25: 12.17 | N25: 19.9 | P25: 23965.2 | Q25: =IF(P25="","",P25/J25) -> 19.50293 | R25: 10 | S25: 0 | T25: =(R25+S25)/J25*100 -> 0.81380208 | U25: 3452.5 | V25: =IF(E25="","",LN(E25)) -> 3.3322045 | W25: =IF(K25="","",LN(K25)) | X25: =IF(Q25="","",LN(Q25)) -> 2.9705647 | Y25: =LN(1+U25) -> 8.1471435 | Z25: =IF(B25=2017,"",W-38) | AA25: =IF(B25=2017,"",L-38) | AB25: =IF(B25=2017,"",M-38) | AC25: =IF(B25=2017,"",N-38) | AD25: =IF(B25=2017,"",O-38) | AE25: =IF(B25=2017,"",X-38) | AF25: =IF(B25=2017,"",T-38) | AG25: =IF(B25=2017,"",Y-38)
A26: Hải Dương | B26: 2017 | C26: ĐBSH | D26: =IF(OR(C26="ĐNB",C26="ĐBSH"),1,0) -> 1 | E26: 34.6 | F26: 15.3 | G26: 54.9 | H26: 21.2 | I26: 71.8 | J26: 1850.6 | L26: 4.013 | M26: 23.97 | N26: 20.8 | P26: 32632.8 | Q26: =IF(P26="","",P26/J26) -> 17.633632 | R26: 37 | S26: 2 | T26: =(R26+S26)/J26*100 -> 2.1074246 | U26: 4240.3 | V26: =IF(E26="","",LN(E26)) -> 3.5438537 | W26: =IF(K26="","",LN(K26)) | X26: =IF(Q26="","",LN(Q26)) -> 2.869808 | Y26: =LN(1+U26) -> 8.3526251 | Z26: =IF(B26=2017,"",W-37) | AA26: =IF(B26=2017,"",L-37) | AB26: =IF(B26=2017,"",M-37) | AC26: =IF(B26=2017,"",N-37) | AD26: =IF(B26=2017,"",O-37) | AE26: =IF(B26=2017,"",X-37) | AF26: =IF(B26=2017,"",T-37) | AG26: =IF(B26=2017,"",Y-37)
A27: Hải Phòng | B27: 2017 | C27: ĐBSH | D27: =IF(OR(C27="ĐNB",C27="ĐBSH"),1,0) -> 1 | E27: 42.2 | F27: 22.1 | G27: 61.6 | H27: 32.3 | I27: 73.9 | J27: 2001.4 | L27: 10.791 | M27: 45.69 | N27: 33.8 | P27: 64855.4 | Q27: =IF(P27="","",P27/J27) -> 32.405016 | R27: 24 | S27: 11 | T27: =(R27+S27)/J27*100 -> 1.7487759 | U27: 7599.1 | V27: =IF(E27="","",LN(E27)) -> 3.7424202 | W27: =IF(K27="","",LN(K27)) | X27: =IF(Q27="","",LN(Q27)) -> 3.4783132 | Y27: =LN(1+U27) -> 8.9359167 | Z27: =IF(B27=2017,"",W-36) | AA27: =IF(B27=2017,"",L-36) | AB27: =IF(B27=2017,"",M-36) | AC27: =IF(B27=2017,"",N-36) | AD27: =IF(B27=2017,"",O-36) | AE27: =IF(B27=2017,"",X-36) | AF27: =IF(B27=2017,"",T-36) | AG27: =IF(B27=2017,"",Y-36)
A28: Hậu Giang | B28: 2017 | C28: ĐBSCL | D28: =IF(OR(C28="ĐNB",C28="ĐBSH"),1,0) -> 0 | J28: 737.3 | L28: 2.5 | M28: 24.26 | N28: 9 | P28: 1923.6 | Q28: =IF(P28="","",P28/J28) -> 2.6089787 | R28: 5 | S28: 1 | T28: =(R28+S28)/J28*100 -> 0.81378001 | U28: 1076.4 | V28: =IF(E28="","",LN(E28)) | W28: =IF(K28="","",LN(K28)) | X28: =IF(Q28="","",LN(Q28)) -> 0.95895884 | Y28: =LN(1+U28) -> 6.982306 | Z28: =IF(B28=2017,"",W-35) | AA28: =IF(B28=2017,"",L-35) | AB28: =IF(B28=2017,"",M-35) | AC28: =IF(B28=2017,"",N-35) | AD28: =IF(B28=2017,"",O-35) | AE28: =IF(B28=2017,"",X-35) | AF28: =IF(B28=2017,"",T-35) | AG28: =IF(B28=2017,"",Y-35)
A29: Khánh Hòa | B29: 2017 | C29: BTB&DHMT | D29: =IF(OR(C29="ĐNB",C29="ĐBSH"),1,0) -> 0 | E29: 34.6 | F29: 21.5 | G29: 47.3 | H29: 25.9 | I29: 62 | J29: 1216.3 | L29: 7.732 | M29: 41.78 | N29: 18.7 | P29: 21747.8 | Q29: =IF(P29="","",P29/J29) -> 17.880293 | R29: 24 | S29: 4 | T29: =(R29+S29)/J29*100 -> 2.3020636 | U29: 3432.6 | V29: =IF(E29="","",LN(E29)) -> 3.5438537 | W29: =IF(K29="","",LN(K29)) | X29: =IF(Q29="","",LN(Q29)) -> 2.8836991 | Y29: =LN(1+U29) -> 8.1413646 | Z29: =IF(B29=2017,"",W-34) | AA29: =IF(B29=2017,"",L-34) | AB29: =IF(B29=2017,"",M-34) | AC29: =IF(B29=2017,"",N-34) | AD29: =IF(B29=2017,"",O-34) | AE29: =IF(B29=2017,"",X-34) | AF29: =IF(B29=2017,"",T-34) | AG29: =IF(B29=2017,"",Y-34)
A30: Kiên Giang | B30: 2017 | C30: ĐBSCL | D30: =IF(OR(C30="ĐNB",C30="ĐBSH"),1,0) -> 0 | E30: 27.5 | F30: 14.9 | G30: 35 | H30: 21.4 | I30: 61 | J30: 1712.9 | L30: 3.959 | M30: 28.06 | N30: 10.8 | P30: 3218 | Q30: =IF(P30="","",P30/J30) -> 1.8786853 | R30: 7 | S30: 1 | T30: =(R30+S30)/J30*100 -> 0.46704419 | U30: 2552 | V30: =IF(E30="","",LN(E30)) -> 3.314186 | W30: =IF(K30="","",LN(K30)) | X30: =IF(Q30="","",LN(Q30)) -> 0.63057221 | Y30: =LN(1+U30) -> 7.8450244 | Z30: =IF(B30=2017,"",W-33) | AA30: =IF(B30=2017,"",L-33) | AB30: =IF(B30=2017,"",M-33) | AC30: =IF(B30=2017,"",N-33) | AD30: =IF(B30=2017,"",O-33) | AE30: =IF(B30=2017,"",X-33) | AF30: =IF(B30=2017,"",T-33) | AG30: =IF(B30=2017,"",Y-33)
A31: Kon Tum | B31: 2017 | C31: TN | D31: =IF(OR(C31="ĐNB",C31="ĐBSH"),1,0) -> 0 | E31: 24.2 | F31: 15.5 | G31: 26.8 | H31: 20.6 | I31: 53 | J31: 520.1 | L31: 2.982 | M31: 32.26 | N31: 16.6 | P31: 4856.9 | Q31: =IF(P31="","",P31/J31) -> 9.3383965 | R31: 2 | S31: 0 | T31: =(R31+S31)/J31*100 -> 0.38454143 | U31: 158.2 | V31: =IF(E31="","",LN(E31)) -> 3.1863526 | W31: =IF(K31="","",LN(K31)) | X31: =IF(Q31="","",LN(Q31)) -> 2.2341346 | Y31: =LN(1+U31) -> 5.0701613 | Z31: =IF(B31=2017,"",W-32) | AA31: =IF(B31=2017,"",L-32) | AB31: =IF(B31=2017,"",M-32) | AC31: =IF(B31=2017,"",N-32) | AD31: =IF(B31=2017,"",O-32) | AE31: =IF(B31=2017,"",X-32) | AF31: =IF(B31=2017,"",T-32) | AG31: =IF(B31=2017,"",Y-32)
A32: Lai Châu | B32: 2017 | C32: TDMNPB | D32: =IF(OR(C32="ĐNB",C32="ĐBSH"),1,0) -> 0 | J32: 444.5 | L32: 2.468 | M32: 14.67 | N32: 14.4 | P32: 1193.4 | Q32: =IF(P32="","",P32/J32) -> 2.6848144 | R32: 5 | S32: 2 | T32: =(R32+S32)/J32*100 -> 1.5748031 | U32: 9 | V32: =IF(E32="","",LN(E32)) | W32: =IF(K32="","",LN(K32)) | X32: =IF(Q32="","",LN(Q32)) -> 0.9876116 | Y32: =LN(1+U32) -> 2.3025851 | Z32: =IF(B32=2017,"",W-31) | AA32: =IF(B32=2017,"",L-31) | AB32: =IF(B32=2017,"",M-31) | AC32: =IF(B32=2017,"",N-31) | AD32: =IF(B32=2017,"",O-31) | AE32: =IF(B32=2017,"",X-31) | AF32: =IF(B32=2017,"",T-31) | AG32: =IF(B32=2017,"",Y-31)
A33: Long An | B33: 2017 | C33: ĐBSCL | D33: =IF(OR(C33="ĐNB",C33="ĐBSH"),1,0) -> 0 | E33: 27.9 | F33: 14.8 | G33: 35 | H33: 23.2 | I33: 59.6 | J33: 1662.3 | L33: 4.711 | M33: 16.35 | N33: 14.6 | P33: 5337.8 | Q33: =IF(P33="","",P33/J33) -> 3.2110931 | R33: 5 | S33: 0 | T33: =(R33+S33)/J33*100 -> 0.30078806 | U33: 4193.4 | V33: =IF(E33="","",LN(E33)) -> 3.3286267 | W33: =IF(K33="","",LN(K33)) | X33: =IF(Q33="","",LN(Q33)) -> 1.1666114 | Y33: =LN(1+U33) -> 8.3415056 | Z33: =IF(B33=2017,"",W-30) | AA33: =IF(B33=2017,"",L-30) | AB33: =IF(B33=2017,"",M-30) | AC33: =IF(B33=2017,"",N-30) | AD33: =IF(B33=2017,"",O-30) | AE33: =IF(B33=2017,"",X-30) | AF33: =IF(B33=2017,"",T-30) | AG33: =IF(B33=2017,"",Y-30)
A34: Lào Cai | B34: 2017 | C34: TDMNPB | D34: =IF(OR(C34="ĐNB",C34="ĐBSH"),1,0) -> 0 | E34: 26.6 | F34: 12.3 | G34: 35 | H34: 18.6 | I34: 68.5 | J34: 708.6 | L34: 3.638 | M34: 22.86 | N34: 19.1 | P34: 3955.3 | Q34: =IF(P34="","",P34/J34) -> 5.5818515 | R34: 13 | S34: 1 | T34: =(R34+S34)/J34*100 -> 1.9757268 | U34: 819.4 | V34: =IF(E34="","",LN(E34)) -> 3.2809112 | W34: =IF(K34="","",LN(K34)) | X34: =IF(Q34="","",LN(Q34)) -> 1.7195205 | Y34: =LN(1+U34) -> 6.709792 | Z34: =IF(B34=2017,"",W-29) | AA34: =IF(B34=2017,"",L-29) | AB34: =IF(B34=2017,"",M-29) | AC34: =IF(B34=2017,"",N-29) | AD34: =IF(B34=2017,"",O-29) | AE34: =IF(B34=2017,"",X-29) | AF34: =IF(B34=2017,"",T-29) | AG34: =IF(B34=2017,"",Y-29)
A35: Lâm Đồng | B35: 2017 | C35: TN | D35: =IF(OR(C35="ĐNB",C35="ĐBSH"),1,0) -> 0 | E35: 27.2 | F35: 16.6 | G35: 30 | H35: 24.2 | I35: 60 | J35: 1281.3 | L35: 4.298 | M35: 38.99 | N35: 15 | P35: 11291.5 | Q35: =IF(P35="","",P35/J35) -> 8.8125341 | R35: 3 | S35: 1 | T35: =(R35+S35)/J35*100 -> 0.31218294 | U35: 410.4 | V35: =IF(E35="","",LN(E35)) -> 3.303217 | W35: =IF(K35="","",LN(K35)) | X35: =IF(Q35="","",LN(Q35)) -> 2.176175 | Y35: =LN(1+U35) -> 6.019566 | Z35: =IF(B35=2017,"",W-28) | AA35: =IF(B35=2017,"",L-28) | AB35: =IF(B35=2017,"",M-28) | AC35: =IF(B35=2017,"",N-28) | AD35: =IF(B35=2017,"",O-28) | AE35: =IF(B35=2017,"",X-28) | AF35: =IF(B35=2017,"",T-28) | AG35: =IF(B35=2017,"",Y-28)
A36: Lạng Sơn | B36: 2017 | C36: TDMNPB | D36: =IF(OR(C36="ĐNB",C36="ĐBSH"),1,0) -> 0 | E36: 21.2 | F36: 13.4 | G36: 27.6 | H36: 12.7 | I36: 50.5 | J36: 768.7 | L36: 2.092 | M36: 20.22 | N36: 15.5 | P36: 5710.6 | Q36: =IF(P36="","",P36/J36) -> 7.4289059 | R36: 2 | S36: 1 | T36: =(R36+S36)/J36*100 -> 0.39026929 | U36: 294.4 | V36: =IF(E36="","",LN(E36)) -> 3.0540012 | W36: =IF(K36="","",LN(K36)) | X36: =IF(Q36="","",LN(Q36)) -> 2.0053786 | Y36: =LN(1+U36) -> 5.6883304 | Z36: =IF(B36=2017,"",W-27) | AA36: =IF(B36=2017,"",L-27) | AB36: =IF(B36=2017,"",M-27) | AC36: =IF(B36=2017,"",N-27) | AD36: =IF(B36=2017,"",O-27) | AE36: =IF(B36=2017,"",X-27) | AF36: =IF(B36=2017,"",T-27) | AG36: =IF(B36=2017,"",Y-27)
A37: Nam Định | B37: 2017 | C37: ĐBSH | D37: =IF(OR(C37="ĐNB",C37="ĐBSH"),1,0) -> 1 | E37: 33.3 | F37: 18.3 | G37: 48.3 | H37: 19.6 | I37: 74.5 | J37: 1788.2 | L37: 2.821 | M37: 17.7 | N37: 15.3 | P37: 10363.7 | Q37: =IF(P37="","",P37/J37) -> 5.7956045 | R37: 12 | S37: 0 | T37: =(R37+S37)/J37*100 -> 0.67106588 | U37: 1744 | V37: =IF(E37="","",LN(E37)) -> 3.5055574 | W37: =IF(K37="","",LN(K37)) | X37: =IF(Q37="","",LN(Q37)) -> 1.7570998 | Y37: =LN(1+U37) -> 7.4645098 | Z37: =IF(B37=2017,"",W-26) | AA37: =IF(B37=2017,"",L-26) | AB37: =IF(B37=2017,"",M-26) | AC37: =IF(B37=2017,"",N-26) | AD37: =IF(B37=2017,"",O-26) | AE37: =IF(B37=2017,"",X-26) | AF37: =IF(B37=2017,"",T-26) | AG37: =IF(B37=2017,"",Y-26)
A38: Nghệ An | B38: 2017 | C38: BTB&DHMT | D38: =IF(OR(C38="ĐNB",C38="ĐBSH"),1,0) -> 0 | E38: 30.7 | F38: 14.8 | G38: 36.3 | H38: 26.8 | I38: 72.8 | J38: 3246.7 | L38: 3.529 | M38: 14.73 | N38: 19.9 | P38: 63332.9 | Q38: =IF(P38="","",P38/J38) -> 19.506853 | R38: 44 | S38: 7 | T38: =(R38+S38)/J38*100 -> 1.5708258 | U38: 560.8 | V38: =IF(E38="","",LN(E38)) -> 3.4242627 | W38: =IF(K38="","",LN(K38)) | X38: =IF(Q38="","",LN(Q38)) -> 2.9707658 | Y38: =LN(1+U38) -> 6.3311459 | Z38: =IF(B38=2017,"",W-25) | AA38: =IF(B38=2017,"",L-25) | AB38: =IF(B38=2017,"",M-25) | AC38: =IF(B38=2017,"",N-25) | AD38: =IF(B38=2017,"",O-25) | AE38: =IF(B38=2017,"",X-25) | AF38: =IF(B38=2017,"",T-25) | AG38: =IF(B38=2017,"",Y-25)
A39: Ninh Bình | B39: 2017 | C39: ĐBSH | D39: =IF(OR(C39="ĐNB",C39="ĐBSH"),1,0) -> 1 | E39: 29.6 | F39: 13.3 | G39: 40.3 | H39: 22.1 | I39: 69.3 | J39: 965.4 | L39: 3.677 | M39: 20.21 | N39: 26.4 | P39: 25000.8 | Q39: =IF(P39="","",P39/J39) -> 25.89683 | R39: 9 | S39: 3 | T39: =(R39+S39)/J39*100 -> 1.2430081 | U39: 1311.7 | V39: =IF(E39="","",LN(E39)) -> 3.3877744 | W39: =IF(K39="","",LN(K39)) | X39: =IF(Q39="","",LN(Q39)) -> 3.2541206 | Y39: =LN(1+U39) -> 7.1798414 | Z39: =IF(B39=2017,"",W-24) | AA39: =IF(B39=2017,"",L-24) | AB39: =IF(B39=2017,"",M-24) | AC39: =IF(B39=2017,"",N-24) | AD39: =IF(B39=2017,"",O-24) | AE39: =IF(B39=2017,"",X-24) | AF39: =IF(B39=2017,"",T-24) | AG39: =IF(B39=2017,"",Y-24)
A40: Ninh Thuận | B40: 2017 | C40: BTB&DHMT | D40: =IF(OR(C40="ĐNB",C40="ĐBSH"),1,0) -> 0 | E40: 25.3 | F40: 10.8 | G40: 39.2 | H40: 18.9 | I40: 46 | J40: 585.4 | L40: 3.329 | M40: 35.82 | N40: 15.1 | P40: 6053.3 | Q40: =IF(P40="","",P40/J40) -> 10.340451 | R40: 4 | S40: 1 | T40: =(R40+S40)/J40*100 -> 0.85411684 | U40: 2225 | V40: =IF(E40="","",LN(E40)) -> 3.2308044 | W40: =IF(K40="","",LN(K40)) | X40: =IF(Q40="","",LN(Q40)) -> 2.3360635 | Y40: =LN(1+U40) -> 7.7079615 | Z40: =IF(B40=2017,"",W-23) | AA40: =IF(B40=2017,"",L-23) | AB40: =IF(B40=2017,"",M-23) | AC40: =IF(B40=2017,"",N-23) | AD40: =IF(B40=2017,"",O-23) | AE40: =IF(B40=2017,"",X-23) | AF40: =IF(B40=2017,"",T-23) | AG40: =IF(B40=2017,"",Y-23)
A41: Phú Thọ | B41: 2017 | C41: TDMNPB | D41: =IF(OR(C41="ĐNB",C41="ĐBSH"),1,0) -> 0 | E41: 28.5 | F41: 13.2 | G41: 38.2 | H41: 23.7 | I41: 60.1 | J41: 1430.5 | L41: 2.987 | M41: 18.32 | N41: 21.8 | P41: 24416.5 | Q41: =IF(P41="","",P41/J41) -> 17.068508 | R41: 14 | S41: 2 | T41: =(R41+S41)/J41*100 -> 1.11849 | U41: 758.3 | V41: =IF(E41="","",LN(E41)) -> 3.3499041 | W41: =IF(K41="","",LN(K41)) | X41: =IF(Q41="","",LN(Q41)) -> 2.8372351 | Y41: =LN(1+U41) -> 6.632397 | Z41: =IF(B41=2017,"",W-22) | AA41: =IF(B41=2017,"",L-22) | AB41: =IF(B41=2017,"",M-22) | AC41: =IF(B41=2017,"",N-22) | AD41: =IF(B41=2017,"",O-22) | AE41: =IF(B41=2017,"",X-22) | AF41: =IF(B41=2017,"",T-22) | AG41: =IF(B41=2017,"",Y-22)
A42: Phú Yên | B42: 2017 | C42: BTB&DHMT | D42: =IF(OR(C42="ĐNB",C42="ĐBSH"),1,0) -> 0 | E42: 25.4 | F42: 12.5 | G42: 37 | H42: 18.6 | I42: 50 | J42: 870 | L42: 2.823 | M42: 28.72 | N42: 18 | P42: 11326.1 | Q42: =IF(P42="","",P42/J42) -> 13.018506 | R42: 4 | S42: 1 | T42: =(R42+S42)/J42*100 -> 0.57471264 | U42: 5711.5 | V42: =IF(E42="","",LN(E42)) -> 3.2347492 | W42: =IF(K42="","",LN(K42)) | X42: =IF(Q42="","",LN(Q42)) -> 2.5663719 | Y42: =LN(1+U42) -> 8.650412 | Z42: =IF(B42=2017,"",W-21) | AA42: =IF(B42=2017,"",L-21) | AB42: =IF(B42=2017,"",M-21) | AC42: =IF(B42=2017,"",N-21) | AD42: =IF(B42=2017,"",O-21) | AE42: =IF(B42=2017,"",X-21) | AF42: =IF(B42=2017,"",T-21) | AG42: =IF(B42=2017,"",Y-21)
A43: Quảng Bình | B43: 2017 | C43: BTB&DHMT | D43: =IF(OR(C43="ĐNB",C43="ĐBSH"),1,0) -> 0 | E43: 25.3 | F43: 14.5 | G43: 32.5 | H43: 20.6 | I43: 50.6 | J43: 885.7 | L43: 4.301 | M43: 20.58 | N43: 20.9 | P43: 18773 | Q43: =IF(P43="","",P43/J43) -> 21.195664 | R43: 8 | S43: 0 | T43: =(R43+S43)/J43*100 -> 0.90324037 | U43: 607.2 | V43: =IF(E43="","",LN(E43)) -> 3.2308044 | W43: =IF(K43="","",LN(K43)) | X43: =IF(Q43="","",LN(Q43)) -> 3.0537967 | Y43: =LN(1+U43) -> 6.4105038 | Z43: =IF(B43=2017,"",W-20) | AA43: =IF(B43=2017,"",L-20) | AB43: =IF(B43=2017,"",M-20) | AC43: =IF(B43=2017,"",N-20) | AD43: =IF(B43=2017,"",O-20) | AE43: =IF(B43=2017,"",X-20) | AF43: =IF(B43=2017,"",T-20) | AG43: =IF(B43=2017,"",Y-20)
A44: Quảng Nam | B44: 2017 | C44: BTB&DHMT | D44: =IF(OR(C44="ĐNB",C44="ĐBSH"),1,0) -> 0 | E44: 29.2 | F44: 16.9 | G44: 36.7 | H44: 23.5 | I44: 60.2 | J44: 1483.3 | L44: 4.027 | M44: 24.84 | N44: 18.1 | P44: 16321.7 | Q44: =IF(P44="","",P44/J44) -> 11.003641 | R44: 1 | S44: 1 | T44: =(R44+S44)/J44*100 -> 0.13483449 | U44: 3921.2 | V44: =IF(E44="","",LN(E44)) -> 3.3741687 | W44: =IF(K44="","",LN(K44)) | X44: =IF(Q44="","",LN(Q44)) -> 2.3982262 | Y44: =LN(1+U44) -> 8.274408 | Z44: =IF(B44=2017,"",W-19) | AA44: =IF(B44=2017,"",L-19) | AB44: =IF(B44=2017,"",M-19) | AC44: =IF(B44=2017,"",N-19) | AD44: =IF(B44=2017,"",O-19) | AE44: =IF(B44=2017,"",X-19) | AF44: =IF(B44=2017,"",T-19) | AG44: =IF(B44=2017,"",Y-19)
A45: Quảng Ngãi | B45: 2017 | C45: BTB&DHMT | D45: =IF(OR(C45="ĐNB",C45="ĐBSH"),1,0) -> 0 | E45: 25.6 | F45: 15.7 | G45: 30.1 | H45: 19.6 | I45: 60 | J45: 1228.9 | L45: 3.504 | M45: 16 | N45: 18.3 | P45: 11333.6 | Q45: =IF(P45="","",P45/J45) -> 9.2225568 | R45: 7 | S45: 0 | T45: =(R45+S45)/J45*100 -> 0.5696151 | U45: 1179.6 | V45: =IF(E45="","",LN(E45)) -> 3.2425924 | W45: =IF(K45="","",LN(K45)) | X45: =IF(Q45="","",LN(Q45)) -> 2.2216523 | Y45: =LN(1+U45) -> 7.0737781 | Z45: =IF(B45=2017,"",W-18) | AA45: =IF(B45=2017,"",L-18) | AB45: =IF(B45=2017,"",M-18) | AC45: =IF(B45=2017,"",N-18) | AD45: =IF(B45=2017,"",O-18) | AE45: =IF(B45=2017,"",X-18) | AF45: =IF(B45=2017,"",T-18) | AG45: =IF(B45=2017,"",Y-18)
A46: Quảng Ninh | B46: 2017 | C46: ĐBSH | D46: =IF(OR(C46="ĐNB",C46="ĐBSH"),1,0) -> 1 | E46: 32.7 | F46: 13.2 | G46: 47 | H46: 25.2 | I46: 70.5 | J46: 1285.2 | L46: 6.091 | M46: 61.69 | N46: 32.9 | P46: 27502.4 | Q46: =IF(P46="","",P46/J46) -> 21.399315 | R46: 26 | S46: 5 | T46: =(R46+S46)/J46*100 -> 2.4120759 | U46: 4562.8 | V46: =IF(E46="","",LN(E46)) -> 3.4873751 | W46: =IF(K46="","",LN(K46)) | X46: =IF(Q46="","",LN(Q46)) -> 3.0633589 | Y46: =LN(1+U46) -> 8.4259109 | Z46: =IF(B46=2017,"",W-17) | AA46: =IF(B46=2017,"",L-17) | AB46: =IF(B46=2017,"",M-17) | AC46: =IF(B46=2017,"",N-17) | AD46: =IF(B46=2017,"",O-17) | AE46: =IF(B46=2017,"",X-17) | AF46: =IF(B46=2017,"",T-17) | AG46: =IF(B46=2017,"",Y-17)
A47: Quảng Trị | B47: 2017 | C47: BTB&DHMT | D47: =IF(OR(C47="ĐNB",C47="ĐBSH"),1,0) -> 0 | E47: 25.7 | F47: 13.7 | G47: 31.1 | H47: 25.1 | I47: 47.5 | J47: 625.4 | L47: 3.989 | M47: 30.38 | N47: 24.7 | P47: 8926.4 | Q47: =IF(P47="","",P47/J47) -> 14.273105 | R47: 21 | S47: 2 | T47: =(R47+S47)/J47*100 -> 3.6776463 | U47: 96.7 | V47: =IF(E47="","",LN(E47)) -> 3.246491 | W47: =IF(K47="","",LN(K47)) | X47: =IF(Q47="","",LN(Q47)) -> 2.658377 | Y47: =LN(1+U47) -> 4.5819016 | Z47: =IF(B47=2017,"",W-16) | AA47: =IF(B47=2017,"",L-16) | AB47: =IF(B47=2017,"",M-16) | AC47: =IF(B47=2017,"",N-16) | AD47: =IF(B47=2017,"",O-16) | AE47: =IF(B47=2017,"",X-16) | AF47: =IF(B47=2017,"",T-16) | AG47: =IF(B47=2017,"",Y-16)
A48: Sóc Trăng | B48: 2017 | C48: ĐBSCL | D48: =IF(OR(C48="ĐNB",C48="ĐBSH"),1,0) -> 0 | J48: 1218.3 | L48: 1.753 | M48: 31.4 | N48: 10.4 | P48: 3537.9 | Q48: =IF(P48="","",P48/J48) -> 2.9039645 | R48: 15 | S48: 1 | T48: =(R48+S48)/J48*100 -> 1.3133054 | U48: 103.7 | V48: =IF(E48="","",LN(E48)) | W48: =IF(K48="","",LN(K48)) | X48: =IF(Q48="","",LN(Q48)) -> 1.0660769 | Y48: =LN(1+U48) -> 4.6510991 | Z48: =IF(B48=2017,"",W-15) | AA48: =IF(B48=2017,"",L-15) | AB48: =IF(B48=2017,"",M-15) | AC48: =IF(B48=2017,"",N-15) | AD48: =IF(B48=2017,"",O-15) | AE48: =IF(B48=2017,"",X-15) | AF48: =IF(B48=2017,"",T-15) | AG48: =IF(B48=2017,"",Y-15)
A49: Sơn La | B49: 2017 | C49: TDMNPB | D49: =IF(OR(C49="ĐNB",C49="ĐBSH"),1,0) -> 0 | J49: 1213.4 | L49: 1.354 | M49: 13.84 | N49: 12.8 | P49: 5201.3 | Q49: =IF(P49="","",P49/J49) -> 4.2865502 | R49: 4 | S49: 0 | T49: =(R49+S49)/J49*100 -> 0.32965222 | U49: 122.1 | V49: =IF(E49="","",LN(E49)) | W49: =IF(K49="","",LN(K49)) | X49: =IF(Q49="","",LN(Q49)) -> 1.4554823 | Y49: =LN(1+U49) -> 4.812997 | Z49: =IF(B49=2017,"",W-14) | AA49: =IF(B49=2017,"",L-14) | AB49: =IF(B49=2017,"",M-14) | AC49: =IF(B49=2017,"",N-14) | AD49: =IF(B49=2017,"",O-14) | AE49: =IF(B49=2017,"",X-14) | AF49: =IF(B49=2017,"",T-14) | AG49: =IF(B49=2017,"",Y-14)
A50: TP. Hồ Chí Minh | B50: 2017 | C50: ĐNB | D50: =IF(OR(C50="ĐNB",C50="ĐBSH"),1,0) -> 1 | E50: 78.6 | F50: 85.5 | G50: 72.4 | H50: 77 | I50: 80.8 | J50: 8649.6 | L50: 23.691 | M50: 80.1 | N50: 36.6 | P50: 93712.1 | Q50: =IF(P50="","",P50/J50) -> 10.83427 | R50: 207 | S50: 43 | T50: =(R50+S50)/J50*100 -> 2.8903071 | U50: 5073 | V50: =IF(E50="","",LN(E50)) -> 4.3643717 | W50: =IF(K50="","",LN(K50)) | X50: =IF(Q50="","",LN(Q50)) -> 2.3827142 | Y50: =LN(1+U50) -> 8.5318847 | Z50: =IF(B50=2017,"",W-13) | AA50: =IF(B50=2017,"",L-13) | AB50: =IF(B50=2017,"",M-13) | AC50: =IF(B50=2017,"",N-13) | AD50: =IF(B50=2017,"",O-13) | AE50: =IF(B50=2017,"",X-13) | AF50: =IF(B50=2017,"",T-13) | AG50: =IF(B50=2017,"",Y-13)
A51: Thanh Hóa | B51: 2017 | C51: BTB&DHMT | D51: =IF(OR(C51="ĐNB",C51="ĐBSH"),1,0) -> 0 | E51: 29.5 | F51: 14.1 | G51: 35 | H51: 27 | I51: 67 | J51: 3603.7 | L51: 2.652 | M51: 13.9 | N51: 19.9 | P51: 46677.2 | Q51: =IF(P51="","",P51/J51) -> 12.952577 | R51: 16 | S51: 1 | T51: =(R51+S51)/J51*100 -> 0.47173738 | U51: 3834.7 | V51: =IF(E51="","",LN(E51)) -> 3.3843903 | W51: =IF(K51="","",LN(K51)) | X51: =IF(Q51="","",LN(Q51)) -> 2.5612947 | Y51: =LN(1+U51) -> 8.2521072 | Z51: =IF(B51=2017,"",W-12) | AA51: =IF(B51=2017,"",L-12) | AB51: =IF(B51=2017,"",M-12) | AC51: =IF(B51=2017,"",N-12) | AD51: =IF(B51=2017,"",O-12) | AE51: =IF(B51=2017,"",X-12) | AF51: =IF(B51=2017,"",T-12) | AG51: =IF(B51=2017,"",Y-12)
A52: Thái Bình | B52: 2017 | C52: ĐBSH | D52: =IF(OR(C52="ĐNB",C52="ĐBSH"),1,0) -> 1 | E52: 28.3 | F52: 15.8 | G52: 41.2 | H52: 15.2 | I52: 66.1 | J52: 1846.1 | L52: 2.427 | M52: 10.4 | N52: 15.5 | P52: 8244.4 | Q52: =IF(P52="","",P52/J52) -> 4.4658469 | R52: 10 | S52: 1 | T52: =(R52+S52)/J52*100 -> 0.59585071 | U52: 328.1 | V52: =IF(E52="","",LN(E52)) -> 3.3428618 | W52: =IF(K52="","",LN(K52)) | X52: =IF(Q52="","",LN(Q52)) -> 1.4964589 | Y52: =LN(1+U52) -> 5.7963617 | Z52: =IF(B52=2017,"",W-11) | AA52: =IF(B52=2017,"",L-11) | AB52: =IF(B52=2017,"",M-11) | AC52: =IF(B52=2017,"",N-11) | AD52: =IF(B52=2017,"",O-11) | AE52: =IF(B52=2017,"",X-11) | AF52: =IF(B52=2017,"",T-11) | AG52: =IF(B52=2017,"",Y-11)
A53: Thái Nguyên | B53: 2017 | C53: TDMNPB | D53: =IF(OR(C53="ĐNB",C53="ĐBSH"),1,0) -> 0 | E53: 25.2 | F53: 10.4 | G53: 33.4 | H53: 20 | I53: 60.3 | J53: 1256.1 | L53: 3.22 | M53: 31.8 | N53: 26 | P53: 30094.6 | Q53: =IF(P53="","",P53/J53) -> 23.958761 | R53: 25 | S53: 5 | T53: =(R53+S53)/J53*100 -> 2.3883449 | U53: 5836.6 | V53: =IF(E53="","",LN(E53)) -> 3.226844 | W53: =IF(K53="","",LN(K53)) | X53: =IF(Q53="","",LN(Q53)) -> 3.1763341 | Y53: =LN(1+U53) -> 8.672075 | Z53: =IF(B53=2017,"",W-10) | AA53: =IF(B53=2017,"",L-10) | AB53: =IF(B53=2017,"",M-10) | AC53: =IF(B53=2017,"",N-10) | AD53: =IF(B53=2017,"",O-10) | AE53: =IF(B53=2017,"",X-10) | AF53: =IF(B53=2017,"",T-10) | AG53: =IF(B53=2017,"",Y-10)
A54: Thừa Thiên Huế | B54: 2017 | C54: BTB&DHMT | D54: =IF(OR(C54="ĐNB",C54="ĐBSH"),1,0) -> 0 | E54: 32.3 | F54: 14.9 | G54: 43.2 | H54: 27.7 | I54: 65.6 | J54: 1123.4 | L54: 3.703 | M54: 48.81 | N54: 24.3 | Q54: =IF(P54="","",P54/J54) | R54: 0 | S54: 0 | T54: =(R54+S54)/J54*100 -> 0 | U54: 2120.6 | V54: =IF(E54="","",LN(E54)) -> 3.4750672 | W54: =IF(K54="","",LN(K54)) | X54: =IF(Q54="","",LN(Q54)) | Y54: =LN(1+U54) -> 7.6599258 | Z54: =IF(B54=2017,"",W-9) | AA54: =IF(B54=2017,"",L-9) | AB54: =IF(B54=2017,"",M-9) | AC54: =IF(B54=2017,"",N-9) | AD54: =IF(B54=2017,"",O-9) | AE54: =IF(B54=2017,"",X-9) | AF54: =IF(B54=2017,"",T-9) | AG54: =IF(B54=2017,"",Y-9)
A55: Tiền Giang | B55: 2017 | C55: ĐBSCL | D55: =IF(OR(C55="ĐNB",C55="ĐBSH"),1,0) -> 0 | E55: 27 | F55: 12 | G55: 36 | H55: 20.4 | I55: 65 | J55: 1751.8 | L55: 2.378 | M55: 14 | N55: 10.2 | P55: 4640.3 | Q55: =IF(P55="","",P55/J55) -> 2.6488754 | R55: 9 | S55: 0 | T55: =(R55+S55)/J55*100 -> 0.51375728 | U55: 1256.8 | V55: =IF(E55="","",LN(E55)) -> 3.2958369 | W55: =IF(K55="","",LN(K55)) | X55: =IF(Q55="","",LN(Q55)) -> 0.97413519 | Y55: =LN(1+U55) -> 7.1371194 | Z55: =IF(B55=2017,"",W-8) | AA55: =IF(B55=2017,"",L-8) | AB55: =IF(B55=2017,"",M-8) | AC55: =IF(B55=2017,"",N-8) | AD55: =IF(B55=2017,"",O-8) | AE55: =IF(B55=2017,"",X-8) | AF55: =IF(B55=2017,"",T-8) | AG55: =IF(B55=2017,"",Y-8)
A56: Trà Vinh | B56: 2017 | C56: ĐBSCL | D56: =IF(OR(C56="ĐNB",C56="ĐBSH"),1,0) -> 0 | E56: 26 | F56: 12.7 | G56: 37.8 | H56: 16.4 | I56: 58.8 | J56: 1008.1 | L56: 1.751 | M56: 16.84 | N56: 12.1 | P56: 4560.6 | Q56: =IF(P56="","",P56/J56) -> 4.523956 | R56: 5 | S56: 1 | T56: =(R56+S56)/J56*100 -> 0.59517905 | U56: 3055.7 | V56: =IF(E56="","",LN(E56)) -> 3.2580965 | W56: =IF(K56="","",LN(K56)) | X56: =IF(Q56="","",LN(Q56)) -> 1.5093868 | Y56: =LN(1+U56) -> 8.0250912 | Z56: =IF(B56=2017,"",W-7) | AA56: =IF(B56=2017,"",L-7) | AB56: =IF(B56=2017,"",M-7) | AC56: =IF(B56=2017,"",N-7) | AD56: =IF(B56=2017,"",O-7) | AE56: =IF(B56=2017,"",X-7) | AF56: =IF(B56=2017,"",T-7) | AG56: =IF(B56=2017,"",Y-7)
A57: Tuyên Quang | B57: 2017 | C57: TDMNPB | D57: =IF(OR(C57="ĐNB",C57="ĐBSH"),1,0) -> 0 | E57: 23.2 | F57: 12.1 | G57: 31.6 | H57: 13.9 | I57: 59.6 | J57: 770.5 | L57: 1.516 | M57: 13.65 | N57: 16.1 | P57: 10439.6 | Q57: =IF(P57="","",P57/J57) -> 13.549124 | R57: 8 | S57: 1 | T57: =(R57+S57)/J57*100 -> 1.1680727 | U57: 210 | V57: =IF(E57="","",LN(E57)) -> 3.1441523 | W57: =IF(K57="","",LN(K57)) | X57: =IF(Q57="","",LN(Q57)) -> 2.6063219 | Y57: =LN(1+U57) -> 5.3518581 | Z57: =IF(B57=2017,"",W-6) | AA57: =IF(B57=2017,"",L-6) | AB57: =IF(B57=2017,"",M-6) | AC57: =IF(B57=2017,"",N-6) | AD57: =IF(B57=2017,"",O-6) | AE57: =IF(B57=2017,"",X-6) | AF57: =IF(B57=2017,"",T-6) | AG57: =IF(B57=2017,"",Y-6)
A58: Tây Ninh | B58: 2017 | C58: ĐNB | D58: =IF(OR(C58="ĐNB",C58="ĐBSH"),1,0) -> 1 | E58: 30.8 | F58: 12.7 | G58: 45.6 | H58: 21.8 | I58: 67.4 | J58: 1151.1 | L58: 3.184 | M58: 18.03 | N58: 14.1 | P58: 13290.6 | Q58: =IF(P58="","",P58/J58) -> 11.545999 | R58: 5 | S58: 1 | T58: =(R58+S58)/J58*100 -> 0.52124055 | U58: 4388.9 | V58: =IF(E58="","",LN(E58)) -> 3.4275147 | W58: =IF(K58="","",LN(K58)) | X58: =IF(Q58="","",LN(Q58)) -> 2.446339 | Y58: =LN(1+U58) -> 8.3870617 | Z58: =IF(B58=2017,"",W-5) | AA58: =IF(B58=2017,"",L-5) | AB58: =IF(B58=2017,"",M-5) | AC58: =IF(B58=2017,"",N-5) | AD58: =IF(B58=2017,"",O-5) | AE58: =IF(B58=2017,"",X-5) | AF58: =IF(B58=2017,"",T-5) | AG58: =IF(B58=2017,"",Y-5)
A59: Vĩnh Long | B59: 2017 | C59: ĐBSCL | D59: =IF(OR(C59="ĐNB",C59="ĐBSH"),1,0) -> 0 | J59: 1022.6 | L59: 2.366 | M59: 16.57 | N59: 15.7 | P59: 1219.7 | Q59: =IF(P59="","",P59/J59) -> 1.192744 | R59: 8 | S59: 1 | T59: =(R59+S59)/J59*100 -> 0.88010952 | U59: 540.4 | V59: =IF(E59="","",LN(E59)) | W59: =IF(K59="","",LN(K59)) | X59: =IF(Q59="","",LN(Q59)) -> 0.17625652 | Y59: =LN(1+U59) -> 6.2941584 | Z59: =IF(B59=2017,"",W-4) | AA59: =IF(B59=2017,"",L-4) | AB59: =IF(B59=2017,"",M-4) | AC59: =IF(B59=2017,"",N-4) | AD59: =IF(B59=2017,"",O-4) | AE59: =IF(B59=2017,"",X-4) | AF59: =IF(B59=2017,"",T-4) | AG59: =IF(B59=2017,"",Y-4)
A60: Vĩnh Phúc | B60: 2017 | C60: ĐBSH | D60: =IF(OR(C60="ĐNB",C60="ĐBSH"),1,0) -> 1 | E60: 33.5 | F60: 15.3 | G60: 49.8 | H60: 22.6 | I60: 72 | J60: 1123.1 | L60: 5.052 | M60: 23.3 | N60: 22.1 | P60: 18714 | Q60: =IF(P60="","",P60/J60) -> 16.662808 | R60: 7 | S60: 2 | T60: =(R60+S60)/J60*100 -> 0.8013534 | U60: 3595.5 | V60: =IF(E60="","",LN(E60)) -> 3.5115454 | W60: =IF(K60="","",LN(K60)) | X60: =IF(Q60="","",LN(Q60)) -> 2.8131792 | Y60: =LN(1+U60) -> 8.1877164 | Z60: =IF(B60=2017,"",W-3) | AA60: =IF(B60=2017,"",L-3) | AB60: =IF(B60=2017,"",M-3) | AC60: =IF(B60=2017,"",N-3) | AD60: =IF(B60=2017,"",O-3) | AE60: =IF(B60=2017,"",X-3) | AF60: =IF(B60=2017,"",T-3) | AG60: =IF(B60=2017,"",Y-3)
A61: Yên Bái | B61: 2017 | C61: TDMNPB | D61: =IF(OR(C61="ĐNB",C61="ĐBSH"),1,0) -> 0 | E61: 23.7 | F61: 11.5 | G61: 31.8 | H61: 19 | I61: 50 | J61: 807.3 | L61: 1.763 | M61: 19.88 | N61: 16.6 | P61: 9326.9 | Q61: =IF(P61="","",P61/J61) -> 11.553202 | R61: 3 | S61: 1 | T61: =(R61+S61)/J61*100 -> 0.49547876 | U61: 539.8 | V61: =IF(E61="","",LN(E61)) -> 3.165475 | W61: =IF(K61="","",LN(K61)) | X61: =IF(Q61="","",LN(Q61)) -> 2.4469626 | Y61: =LN(1+U61) -> 6.2930495 | Z61: =IF(B61=2017,"",W-2) | AA61: =IF(B61=2017,"",L-2) | AB61: =IF(B61=2017,"",M-2) | AC61: =IF(B61=2017,"",N-2) | AD61: =IF(B61=2017,"",O-2) | AE61: =IF(B61=2017,"",X-2) | AF61: =IF(B61=2017,"",T-2) | AG61: =IF(B61=2017,"",Y-2)
A62: Điện Biên | B62: 2017 | C62: TDMNPB | D62: =IF(OR(C62="ĐNB",C62="ĐBSH"),1,0) -> 0 | J62: 579.4 | L62: 1.743 | M62: 14.45 | N62: 21 | P62: 1544.3 | Q62: =IF(P62="","",P62/J62) -> 2.6653435 | R62: 1 | S62: 2 | T62: =(R62+S62)/J62*100 -> 0.51777701 | U62: 5.2 | V62: =IF(E62="","",LN(E62)) | W62: =IF(K62="","",LN(K62)) | X62: =IF(Q62="","",LN(Q62)) -> 0.98033293 | Y62: =LN(1+U62) -> 1.8245493 | Z62: =IF(B62=2017,"",W-1) | AA62: =IF(B62=2017,"",L-1) | AB62: =IF(B62=2017,"",M-1) | AC62: =IF(B62=2017,"",N-1) | AD62: =IF(B62=2017,"",O-1) | AE62: =IF(B62=2017,"",X-1) | AF62: =IF(B62=2017,"",T-1) | AG62: =IF(B62=2017,"",Y-1)
A63: Đà Nẵng | B63: 2017 | C63: BTB&DHMT | D63: =IF(OR(C63="ĐNB",C63="ĐBSH"),1,0) -> 0 | E63: 52.8 | F63: 37.9 | G63: 60.6 | H63: 50.4 | I63: 81 | J63: 1097.8 | L63: 16.776 | M63: 87.09 | N63: 40.9 | P63: 32448.2 | Q63: =IF(P63="","",P63/J63) -> 29.557479 | R63: 64 | S63: 8 | T63: =(R63+S63)/J63*100 -> 6.5585717 | U63: 4258.8 | V63: =IF(E63="","",LN(E63)) -> 3.9665112 | W63: =IF(K63="","",LN(K63)) | X63: =IF(Q63="","",LN(Q63)) -> 3.3863368 | Y63: =LN(1+U63) -> 8.3569775 | Z63: =IF(B63=2017,"",W0) | AA63: =IF(B63=2017,"",L0) | AB63: =IF(B63=2017,"",M0) | AC63: =IF(B63=2017,"",N0) | AD63: =IF(B63=2017,"",O0) | AE63: =IF(B63=2017,"",X0) | AF63: =IF(B63=2017,"",T0) | AG63: =IF(B63=2017,"",Y0)
A64: Đắk Lắk | B64: 2017 | C64: TN | D64: =IF(OR(C64="ĐNB",C64="ĐBSH"),1,0) -> 0 | E64: 28.1 | F64: 11.9 | G64: 41.1 | H64: 16.2 | I64: 73.5 | J64: 1850.3 | L64: 2.772 | M64: 24.59 | N64: 14.1 | P64: 13721.5 | Q64: =IF(P64="","",P64/J64) -> 7.4158245 | R64: 6 | S64: 2 | T64: =(R64+S64)/J64*100 -> 0.43236232 | U64: 104.8 | V64: =IF(E64="","",LN(E64)) -> 3.3357696 | W64: =IF(K64="","",LN(K64)) | X64: =IF(Q64="","",LN(Q64)) -> 2.0036162 | Y64: =LN(1+U64) -> 4.6615505 | Z64: =IF(B64=2017,"",W1) | AA64: =IF(B64=2017,"",L1) | AB64: =IF(B64=2017,"",M1) | AC64: =IF(B64=2017,"",N1) | AD64: =IF(B64=2017,"",O1) | AE64: =IF(B64=2017,"",X1) | AF64: =IF(B64=2017,"",T1) | AG64: =IF(B64=2017,"",Y1)
A65: Đắk Nông | B65: 2017 | C65: TN | D65: =IF(OR(C65="ĐNB",C65="ĐBSH"),1,0) -> 0 | E65: 24.2 | F65: 12.4 | G65: 28 | H65: 20.3 | I65: 59.7 | J65: 604.9 | L65: 3.082 | M65: 15.14 | N65: 12.1 | P65: 1235.8 | Q65: =IF(P65="","",P65/J65) -> 2.0429823 | R65: 1 | S65: 1 | T65: =(R65+S65)/J65*100 -> 0.33063316 | U65: 158 | V65: =IF(E65="","",LN(E65)) -> 3.1863526 | W65: =IF(K65="","",LN(K65)) | X65: =IF(Q65="","",LN(Q65)) -> 0.71441066 | Y65: =LN(1+U65) -> 5.0689042 | Z65: =IF(B65=2017,"",W2) | AA65: =IF(B65=2017,"",L2) | AB65: =IF(B65=2017,"",M2) | AC65: =IF(B65=2017,"",N2) | AD65: =IF(B65=2017,"",O2) | AE65: =IF(B65=2017,"",X2) | AF65: =IF(B65=2017,"",T2) | AG65: =IF(B65=2017,"",Y2)
A66: Đồng Nai | B66: 2017 | C66: ĐNB | D66: =IF(OR(C66="ĐNB",C66="ĐBSH"),1,0) -> 1 | E66: 36.7 | F66: 18.3 | G66: 56.8 | H66: 23.4 | I66: 71 | J66: 3004.9 | L66: 6.278 | M66: 32.97 | N66: 21.5 | P66: 48959.1 | Q66: =IF(P66="","",P66/J66) -> 16.293088 | R66: 12 | S66: 5 | T66: =(R66+S66)/J66*100 -> 0.56574262 | U66: 9101.7 | V66: =IF(E66="","",LN(E66)) -> 3.6027768 | W66: =IF(K66="","",LN(K66)) | X66: =IF(Q66="","",LN(Q66)) -> 2.790741 | Y66: =LN(1+U66) -> 9.1163264 | Z66: =IF(B66=2017,"",W3) | AA66: =IF(B66=2017,"",L3) | AB66: =IF(B66=2017,"",M3) | AC66: =IF(B66=2017,"",N3) | AD66: =IF(B66=2017,"",O3) | AE66: =IF(B66=2017,"",X3) | AF66: =IF(B66=2017,"",T3) | AG66: =IF(B66=2017,"",Y3)
A67: Đồng Tháp | B67: 2017 | C67: ĐBSCL | D67: =IF(OR(C67="ĐNB",C67="ĐBSH"),1,0) -> 0 | E67: 26.9 | F67: 11.2 | G67: 38.9 | H67: 16.8 | I67: 68 | J67: 1612.5 | L67: 1.887 | M67: 18.08 | N67: 15.3 | P67: 1905.2 | Q67: =IF(P67="","",P67/J67) -> 1.1815194 | R67: 8 | S67: 0 | T67: =(R67+S67)/J67*100 -> 0.49612403 | U67: 105.1 | V67: =IF(E67="","",LN(E67)) -> 3.2921263 | W67: =IF(K67="","",LN(K67)) | X67: =IF(Q67="","",LN(Q67)) -> 0.16680122 | Y67: =LN(1+U67) -> 4.664382 | Z67: =IF(B67=2017,"",W4) | AA67: =IF(B67=2017,"",L4) | AB67: =IF(B67=2017,"",M4) | AC67: =IF(B67=2017,"",N4) | AD67: =IF(B67=2017,"",O4) | AE67: =IF(B67=2017,"",X4) | AF67: =IF(B67=2017,"",T4) | AG67: =IF(B67=2017,"",Y4)
A68: An Giang | B68: 2018 | C68: ĐBSCL | D68: =IF(OR(C68="ĐNB",C68="ĐBSH"),1,0) -> 0 | E68: 32.5 | F68: 29.5 | G68: 43.4 | H68: 15.9 | I68: 58.3 | J68: 1931 | K68: 40.4 | L68: 2.315 | M68: 31.33 | N68: 13.6 | P68: 6182.6 | Q68: =IF(P68="","",P68/J68) -> 3.2017607 | R68: 6 | S68: 2 | T68: =(R68+S68)/J68*100 -> 0.41429311 | U68: 107.8 | V68: =IF(E68="","",LN(E68)) -> 3.4812401 | W68: =IF(K68="","",LN(K68)) -> 3.6988298 | X68: =IF(Q68="","",LN(Q68)) -> 1.1637009 | Y68: =LN(1+U68) -> 4.6895113 | Z68: =IF(B68=2017,"",W5) | AA68: =IF(B68=2017,"",L5) -> 2.259 | AB68: =IF(B68=2017,"",M5) -> 30.99 | AC68: =IF(B68=2017,"",N5) -> 12.5 | AD68: =IF(B68=2017,"",O5) -> 0 | AE68: =IF(B68=2017,"",X5) -> 1.0375451 | AF68: =IF(B68=2017,"",T5) -> 0.40937468 | AG68: =IF(B68=2017,"",Y5) -> 4.6288867
A69: Bà Rịa - Vũng Tàu | B69: 2018 | C69: ĐNB | D69: =IF(OR(C69="ĐNB",C69="ĐBSH"),1,0) -> 1 | E69: 44.4 | F69: 35 | G69: 58 | H69: 31.8 | I69: 59.8 | J69: 1138.3 | K69: 309.6 | L69: 8.443 | M69: 57.69 | N69: 25.9 | P69: 7657 | Q69: =IF(P69="","",P69/J69) -> 6.7266977 | R69: 9 | S69: 3 | T69: =(R69+S69)/J69*100 -> 1.0542036 | U69: 26251.7 | V69: =IF(E69="","",LN(E69)) -> 3.7932395 | W69: =IF(K69="","",LN(K69)) -> 5.7352811 | X69: =IF(Q69="","",LN(Q69)) -> 1.9060843 | Y69: =LN(1+U69) -> 10.175524 | Z69: =IF(B69=2017,"",W6) | AA69: =IF(B69=2017,"",L6) -> 7.945 | AB69: =IF(B69=2017,"",M6) -> 56.76 | AC69: =IF(B69=2017,"",N6) -> 26.5 | AD69: =IF(B69=2017,"",O6) -> 0 | AE69: =IF(B69=2017,"",X6) -> 1.6565876 | AF69: =IF(B69=2017,"",T6) -> 0.97586941 | AG69: =IF(B69=2017,"",Y6) -> 10.077882
A70: Bình Dương | B70: 2018 | C70: ĐNB | D70: =IF(OR(C70="ĐNB",C70="ĐBSH"),1,0) -> 1 | E70: 50.4 | F70: 39 | G70: 69.1 | H70: 36.3 | I70: 57.4 | J70: 2345.2 | K70: 137.7 | L70: 11.754 | M70: 79.98 | N70: 20.6 | P70: 51798.4 | Q70: =IF(P70="","",P70/J70) -> 22.086986 | R70: 11 | S70: 3 | T70: =(R70+S70)/J70*100 -> 0.59696401 | U70: 13541.9 | V70: =IF(E70="","",LN(E70)) -> 3.9199912 | W70: =IF(K70="","",LN(K70)) -> 4.9250774 | X70: =IF(Q70="","",LN(Q70)) -> 3.0949886 | Y70: =LN(1+U70) -> 9.5136177 | Z70: =IF(B70=2017,"",W7) | AA70: =IF(B70=2017,"",L7) -> 10.316 | AB70: =IF(B70=2017,"",M7) -> 76.19 | AC70: =IF(B70=2017,"",N7) -> 18.7 | AD70: =IF(B70=2017,"",O7) -> 0 | AE70: =IF(B70=2017,"",X7) -> 3.0503955 | AF70: =IF(B70=2017,"",T7) -> 0.62859195 | AG70: =IF(B70=2017,"",Y7) -> 9.5195148
A71: Bình Phước | B71: 2018 | C71: ĐNB | D71: =IF(OR(C71="ĐNB",C71="ĐBSH"),1,0) -> 1 | E71: 27.8 | F71: 24.4 | G71: 28.6 | H71: 18.2 | I71: 65.5 | J71: 984.9 | K71: 56.1 | L71: 4.54 | M71: 23.08 | N71: 16.8 | P71: 2776.9 | Q71: =IF(P71="","",P71/J71) -> 2.8194741 | R71: 6 | S71: 3 | T71: =(R71+S71)/J71*100 -> 0.91379836 | U71: 2425.3 | V71: =IF(E71="","",LN(E71)) -> 3.325036 | W71: =IF(K71="","",LN(K71)) -> 4.0271358 | X71: =IF(Q71="","",LN(Q71)) -> 1.0365504 | Y71: =LN(1+U71) -> 7.7941227 | Z71: =IF(B71=2017,"",W8) | AA71: =IF(B71=2017,"",L8) -> 4.16 | AB71: =IF(B71=2017,"",M8) -> 22.27 | AC71: =IF(B71=2017,"",N8) -> 14 | AD71: =IF(B71=2017,"",O8) -> 0 | AE71: =IF(B71=2017,"",X8) -> 0.9207226 | AF71: =IF(B71=2017,"",T8) -> 0.51408596 | AG71: =IF(B71=2017,"",Y8) -> 7.6093665
A72: Bình Thuận | B72: 2018 | C72: BTB&DHMT | D72: =IF(OR(C72="ĐNB",C72="ĐBSH"),1,0) -> 0 | E72: 34.4 | F72: 31.6 | G72: 39.8 | H72: 22.7 | I72: 62.1 | J72: 1227.3 | K72: 53.4 | L72: 3.63 | M72: 38.2 | N72: 14 | P72: 8146.8 | Q72: =IF(P72="","",P72/J72) -> 6.6379858 | R72: 3 | S72: 1 | T72: =(R72+S72)/J72*100 -> 0.32591868 | U72: 2910.2 | V72: =IF(E72="","",LN(E72)) -> 3.5380566 | W72: =IF(K72="","",LN(K72)) -> 3.9778107 | X72: =IF(Q72="","",LN(Q72)) -> 1.8928086 | Y72: =LN(1+U72) -> 7.9763206 | Z72: =IF(B72=2017,"",W9) | AA72: =IF(B72=2017,"",L9) -> 3.426 | AB72: =IF(B72=2017,"",M9) -> 38.32 | AC72: =IF(B72=2017,"",N9) -> 15.6 | AD72: =IF(B72=2017,"",O9) -> 0 | AE72: =IF(B72=2017,"",X9) -> 1.7849632 | AF72: =IF(B72=2017,"",T9) -> 0.2458009 | AG72: =IF(B72=2017,"",Y9) -> 7.9805026
A73: Bình Định | B73: 2018 | C73: BTB&DHMT | D73: =IF(OR(C73="ĐNB",C73="ĐBSH"),1,0) -> 0 | E73: 36.8 | F73: 33 | G73: 40.1 | H73: 26.1 | I73: 70.7 | J73: 1487.8 | K73: 50.2 | L73: 4.167 | M73: 31.96 | N73: 21.2 | P73: 20012.3 | Q73: =IF(P73="","",P73/J73) -> 13.450934 | R73: 7 | S73: 4 | T73: =(R73+S73)/J73*100 -> 0.73934669 | U73: 541.9 | V73: =IF(E73="","",LN(E73)) -> 3.6054978 | W73: =IF(K73="","",LN(K73)) -> 3.916015 | X73: =IF(Q73="","",LN(Q73)) -> 2.5990486 | Y73: =LN(1+U73) -> 6.2969251 | Z73: =IF(B73=2017,"",W10) | AA73: =IF(B73=2017,"",L10) -> 3.96 | AB73: =IF(B73=2017,"",M10) -> 31.87 | AC73: =IF(B73=2017,"",N10) -> 16.9 | AD73: =IF(B73=2017,"",O10) -> 0 | AE73: =IF(B73=2017,"",X10) -> 2.4387664 | AF73: =IF(B73=2017,"",T10) -> 0.73939638 | AG73: =IF(B73=2017,"",Y10) -> 6.1150087
A74: Bạc Liêu | B74: 2018 | C74: ĐBSCL | D74: =IF(OR(C74="ĐNB",C74="ĐBSH"),1,0) -> 0 | J74: 903 | K74: 43.9 | L74: 1.97 | M74: 27.63 | N74: 8.2 | P74: 2202.6 | Q74: =IF(P74="","",P74/J74) -> 2.4392027 | R74: 5 | S74: 1 | T74: =(R74+S74)/J74*100 -> 0.66445183 | U74: 487.2 | V74: =IF(E74="","",LN(E74)) | W74: =IF(K74="","",LN(K74)) -> 3.7819143 | X74: =IF(Q74="","",LN(Q74)) -> 0.89167121 | Y74: =LN(1+U74) -> 6.1907252 | Z74: =IF(B74=2017,"",W11) | AA74: =IF(B74=2017,"",L11) -> 1.768 | AB74: =IF(B74=2017,"",M11) -> 27.48 | AC74: =IF(B74=2017,"",N11) -> 11.3 | AD74: =IF(B74=2017,"",O11) -> 0 | AE74: =IF(B74=2017,"",X11) -> 0.8097289 | AF74: =IF(B74=2017,"",T11) -> 0.66837474 | AG74: =IF(B74=2017,"",Y11) -> 4.3894986
A75: Bắc Giang | B75: 2018 | C75: TDMNPB | D75: =IF(OR(C75="ĐNB",C75="ĐBSH"),1,0) -> 0 | E75: 40.8 | F75: 35 | G75: 42.6 | H75: 35.6 | I75: 63.9 | J75: 1777.5 | K75: 50.8 | L75: 3.067 | M75: 11.41 | N75: 16.7 | P75: 19143.2 | Q75: =IF(P75="","",P75/J75) -> 10.769733 | R75: 9 | S75: 8 | T75: =(R75+S75)/J75*100 -> 0.95639944 | U75: 2723.1 | V75: =IF(E75="","",LN(E75)) -> 3.7086821 | W75: =IF(K75="","",LN(K75)) -> 3.9278964 | X75: =IF(Q75="","",LN(Q75)) -> 2.3767397 | Y75: =LN(1+U75) -> 7.9098934 | Z75: =IF(B75=2017,"",W12) | AA75: =IF(B75=2017,"",L12) -> 2.715 | AB75: =IF(B75=2017,"",M12) -> 11.41 | AC75: =IF(B75=2017,"",N12) -> 17.9 | AD75: =IF(B75=2017,"",O12) -> 0 | AE75: =IF(B75=2017,"",X12) -> 2.2523458 | AF75: =IF(B75=2017,"",T12) -> 0.8636573 | AG75: =IF(B75=2017,"",Y12) -> 7.8565132
A76: Bắc Kạn | B76: 2018 | C76: TDMNPB | D76: =IF(OR(C76="ĐNB",C76="ĐBSH"),1,0) -> 0 | E76: 26 | F76: 22.6 | G76: 23.5 | H76: 19.9 | I76: 63.2 | J76: 312 | K76: 35.4 | L76: 2.122 | M76: 20.35 | N76: 17.7 | P76: 1336.6 | Q76: =IF(P76="","",P76/J76) -> 4.2839744 | R76: 2 | S76: 0 | T76: =(R76+S76)/J76*100 -> 0.64102564 | U76: 42.3 | V76: =IF(E76="","",LN(E76)) -> 3.2580965 | W76: =IF(K76="","",LN(K76)) -> 3.5667118 | X76: =IF(Q76="","",LN(Q76)) -> 1.4548812 | Y76: =LN(1+U76) -> 3.7681526 | Z76: =IF(B76=2017,"",W13) | AA76: =IF(B76=2017,"",L13) -> 2.13 | AB76: =IF(B76=2017,"",M13) -> 19.81 | AC76: =IF(B76=2017,"",N13) -> 17.2 | AD76: =IF(B76=2017,"",O13) -> 0 | AE76: =IF(B76=2017,"",X13) -> 1.6600856 | AF76: =IF(B76=2017,"",T13) -> 0.32268474 | AG76: =IF(B76=2017,"",Y13) -> 3.7588718
A77: Bắc Ninh | B77: 2018 | C77: ĐBSH | D77: =IF(OR(C77="ĐNB",C77="ĐBSH"),1,0) -> 1 | E77: 46.3 | F77: 40 | G77: 63 | H77: 25.5 | I77: 73.2 | J77: 1337.3 | K77: 144.9 | L77: 7.414 | M77: 27.34 | N77: 28 | P77: 19538.7 | Q77: =IF(P77="","",P77/J77) -> 14.610559 | R77: 23 | S77: 3 | T77: =(R77+S77)/J77*100 -> 1.944216 | U77: 12928.3 | V77: =IF(E77="","",LN(E77)) -> 3.835142 | W77: =IF(K77="","",LN(K77)) -> 4.9760438 | X77: =IF(Q77="","",LN(Q77)) -> 2.6817445 | Y77: =LN(1+U77) -> 9.4672513 | Z77: =IF(B77=2017,"",W14) | AA77: =IF(B77=2017,"",L14) -> 6.644 | AB77: =IF(B77=2017,"",M14) -> 27.38 | AC77: =IF(B77=2017,"",N14) -> 22.4 | AD77: =IF(B77=2017,"",O14) -> 0 | AE77: =IF(B77=2017,"",X14) -> 2.6889864 | AF77: =IF(B77=2017,"",T14) -> 1.9263369 | AG77: =IF(B77=2017,"",Y14) -> 9.4308404
A78: Bến Tre | B78: 2018 | C78: ĐBSCL | D78: =IF(OR(C78="ĐNB",C78="ĐBSH"),1,0) -> 0 | E78: 35.6 | F78: 33.2 | G78: 39.1 | H78: 25.2 | I78: 64.8 | J78: 1286 | K78: 36.8 | L78: 2.464 | M78: 9.82 | N78: 9.2 | P78: 3345.6 | Q78: =IF(P78="","",P78/J78) -> 2.6015552 | R78: 2 | S78: 1 | T78: =(R78+S78)/J78*100 -> 0.23328149 | U78: 819.3 | V78: =IF(E78="","",LN(E78)) -> 3.5723456 | W78: =IF(K78="","",LN(K78)) -> 3.6054978 | X78: =IF(Q78="","",LN(Q78)) -> 0.95610942 | Y78: =LN(1+U78) -> 6.7096701 | Z78: =IF(B78=2017,"",W15) | AA78: =IF(B78=2017,"",L15) -> 2.281 | AB78: =IF(B78=2017,"",M15) -> 9.84 | AC78: =IF(B78=2017,"",N15) -> 12.9 | AD78: =IF(B78=2017,"",O15) -> 0 | AE78: =IF(B78=2017,"",X15) -> 0.83800879 | AF78: =IF(B78=2017,"",T15) -> 0.23393637 | AG78: =IF(B78=2017,"",Y15) -> 6.5158972
A79: Cao Bằng | B79: 2018 | C79: TDMNPB | D79: =IF(OR(C79="ĐNB",C79="ĐBSH"),1,0) -> 0 | J79: 528.7 | K79: 30.6 | L79: 1.888 | M79: 22.68 | N79: 20.6 | P79: 3166.1 | Q79: =IF(P79="","",P79/J79) -> 5.9884623 | R79: 4 | S79: 0 | T79: =(R79+S79)/J79*100 -> 0.75657273 | U79: 113.9 | V79: =IF(E79="","",LN(E79)) | W79: =IF(K79="","",LN(K79)) -> 3.421 | X79: =IF(Q79="","",LN(Q79)) -> 1.7898347 | Y79: =LN(1+U79) -> 4.7440622 | Z79: =IF(B79=2017,"",W16) | AA79: =IF(B79=2017,"",L16) -> 1.795 | AB79: =IF(B79=2017,"",M16) -> 21.94 | AC79: =IF(B79=2017,"",N16) -> 21 | AD79: =IF(B79=2017,"",O16) -> 0 | AE79: =IF(B79=2017,"",X16) -> 1.7255986 | AF79: =IF(B79=2017,"",T16) -> 0.75987842 | AG79: =IF(B79=2017,"",Y16) -> 5.0291299
A80: Cà Mau | B80: 2018 | C80: ĐBSCL | D80: =IF(OR(C80="ĐNB",C80="ĐBSH"),1,0) -> 0 | J80: 1195.6 | K80: 48.2 | L80: 2.849 | M80: 22.61 | N80: 12.5 | P80: 499.5 | Q80: =IF(P80="","",P80/J80) -> 0.41778187 | R80: 4 | S80: 4 | T80: =(R80+S80)/J80*100 -> 0.66912011 | U80: 58.7 | V80: =IF(E80="","",LN(E80)) | W80: =IF(K80="","",LN(K80)) -> 3.875359 | X80: =IF(Q80="","",LN(Q80)) -> -0.87279583 | Y80: =LN(1+U80) -> 4.089332 | Z80: =IF(B80=2017,"",W17) | AA80: =IF(B80=2017,"",L17) -> 2.84 | AB80: =IF(B80=2017,"",M17) -> 22.46 | AC80: =IF(B80=2017,"",N17) -> 10.4 | AD80: =IF(B80=2017,"",O17) -> 0 | AE80: =IF(B80=2017,"",X17) -> -0.97013752 | AF80: =IF(B80=2017,"",T17) -> 0.58479532 | AG80: =IF(B80=2017,"",Y17) -> 3.5467397
A81: Cần Thơ | B81: 2018 | C81: ĐBSCL | D81: =IF(OR(C81="ĐNB",C81="ĐBSH"),1,0) -> 0 | E81: 41.1 | F81: 38 | G81: 49.1 | H81: 26.2 | I81: 71.5 | J81: 1227.7 | K81: 67.8 | L81: 6.373 | M81: 69.28 | N81: 24.2 | P81: 4063.4 | Q81: =IF(P81="","",P81/J81) -> 3.3097662 | R81: 13 | S81: 6 | T81: =(R81+S81)/J81*100 -> 1.5476094 | U81: 564.5 | V81: =IF(E81="","",LN(E81)) -> 3.7160081 | W81: =IF(K81="","",LN(K81)) -> 4.2165622 | X81: =IF(Q81="","",LN(Q81)) -> 1.1968776 | Y81: =LN(1+U81) -> 6.3377103 | Z81: =IF(B81=2017,"",W18) | AA81: =IF(B81=2017,"",L18) -> 6.107 | AB81: =IF(B81=2017,"",M18) -> 68.94 | AC81: =IF(B81=2017,"",N18) -> 21.1 | AD81: =IF(B81=2017,"",O18) -> 0 | AE81: =IF(B81=2017,"",X18) -> 1.0963737 | AF81: =IF(B81=2017,"",T18) -> 1.4725131 | AG81: =IF(B81=2017,"",Y18) -> 6.2681489
A82: Gia Lai | B82: 2018 | C82: TN | D82: =IF(OR(C82="ĐNB",C82="ĐBSH"),1,0) -> 0 | E82: 30.1 | F82: 20.8 | G82: 35.8 | H82: 20 | I82: 63.6 | J82: 1495.7 | K82: 39.3 | L82: 2.414 | M82: 28.92 | N82: 10.4 | P82: 18552.5 | Q82: =IF(P82="","",P82/J82) -> 12.403891 | R82: 14 | S82: 1 | T82: =(R82+S82)/J82*100 -> 1.0028749 | U82: 8.2 | V82: =IF(E82="","",LN(E82)) -> 3.4045252 | W82: =IF(K82="","",LN(K82)) -> 3.6712245 | X82: =IF(Q82="","",LN(Q82)) -> 2.5180102 | Y82: =LN(1+U82) -> 2.2192035 | Z82: =IF(B82=2017,"",W19) | AA82: =IF(B82=2017,"",L19) -> 2.37 | AB82: =IF(B82=2017,"",M19) -> 28.89 | AC82: =IF(B82=2017,"",N19) -> 11 | AD82: =IF(B82=2017,"",O19) -> 0 | AE82: =IF(B82=2017,"",X19) -> 2.4453409 | AF82: =IF(B82=2017,"",T19) -> 1.2254068 | AG82: =IF(B82=2017,"",Y19) -> 2.2300144
A83: Hà Giang | B83: 2018 | C83: TDMNPB | D83: =IF(OR(C83="ĐNB",C83="ĐBSH"),1,0) -> 0 | J83: 846.5 | K83: 26.1 | L83: 1.344 | M83: 15.07 | N83: 13.8 | P83: 2277.7 | Q83: =IF(P83="","",P83/J83) -> 2.6907265 | R83: 0 | S83: 0 | T83: =(R83+S83)/J83*100 -> 0 | U83: 7.8 | V83: =IF(E83="","",LN(E83)) | W83: =IF(K83="","",LN(K83)) -> 3.2619353 | X83: =IF(Q83="","",LN(Q83)) -> 0.98981124 | Y83: =LN(1+U83) -> 2.1747517 | Z83: =IF(B83=2017,"",W20) | AA83: =IF(B83=2017,"",L20) -> 1.363 | AB83: =IF(B83=2017,"",M20) -> 15.02 | AC83: =IF(B83=2017,"",N20) -> 12.5 | AD83: =IF(B83=2017,"",O20) -> 0 | AE83: =IF(B83=2017,"",X20) -> 0.93762798 | AF83: =IF(B83=2017,"",T20) -> 0 | AG83: =IF(B83=2017,"",Y20) -> 2.6602595
A84: Hà Nam | B84: 2018 | C84: ĐBSH | D84: =IF(OR(C84="ĐNB",C84="ĐBSH"),1,0) -> 1 | E84: 35 | F84: 35.4 | G84: 42.2 | H84: 25 | I84: 43.7 | J84: 847.1 | K84: 56.3 | L84: 4.428 | M84: 16.62 | N84: 20.8 | P84: 12763 | Q84: =IF(P84="","",P84/J84) -> 15.066698 | R84: 10 | S84: 3 | T84: =(R84+S84)/J84*100 -> 1.5346476 | U84: 3307.2 | V84: =IF(E84="","",LN(E84)) -> 3.5553481 | W84: =IF(K84="","",LN(K84)) -> 4.0306945 | X84: =IF(Q84="","",LN(Q84)) -> 2.7124869 | Y84: =LN(1+U84) -> 8.1041595 | Z84: =IF(B84=2017,"",W21) | AA84: =IF(B84=2017,"",L21) -> 3.991 | AB84: =IF(B84=2017,"",M21) -> 16.46 | AC84: =IF(B84=2017,"",N21) -> 18.1 | AD84: =IF(B84=2017,"",O21) -> 0 | AE84: =IF(B84=2017,"",X21) -> 2.5305183 | AF84: =IF(B84=2017,"",T21) -> 1.1907597 | AG84: =IF(B84=2017,"",Y21) -> 7.9737066
A85: Hà Nội | B85: 2018 | C85: ĐBSH | D85: =IF(OR(C85="ĐNB",C85="ĐBSH"),1,0) -> 1 | E85: 79.8 | F85: 84.2 | G85: 79.4 | H85: 78.6 | I85: 76.2 | J85: 7914.5 | K85: 111.6 | L85: 18.083 | M85: 49.34 | N85: 42 | P85: 110704.5 | Q85: =IF(P85="","",P85/J85) -> 13.987554 | R85: 134 | S85: 22 | T85: =(R85+S85)/J85*100 -> 1.9710658 | U85: 4186.6 | V85: =IF(E85="","",LN(E85)) -> 4.3795235 | W85: =IF(K85="","",LN(K85)) -> 4.714921 | X85: =IF(Q85="","",LN(Q85)) -> 2.638168 | Y85: =LN(1+U85) -> 8.3398831 | Z85: =IF(B85=2017,"",W22) | AA85: =IF(B85=2017,"",L22) -> 17.305 | AB85: =IF(B85=2017,"",M22) -> 49.21 | AC85: =IF(B85=2017,"",N22) -> 44.2 | AD85: =IF(B85=2017,"",O22) -> 0 | AE85: =IF(B85=2017,"",X22) -> 2.5813675 | AF85: =IF(B85=2017,"",T22) -> 1.8857689 | AG85: =IF(B85=2017,"",Y22) -> 8.1805449
A86: Hà Tĩnh | B86: 2018 | C86: BTB&DHMT | D86: =IF(OR(C86="ĐNB",C86="ĐBSH"),1,0) -> 0 | E86: 33.7 | F86: 32.4 | G86: 32.8 | H86: 28.7 | I86: 57.5 | J86: 1280.5 | K86: 54.7 | L86: 3.474 | M86: 19.14 | N86: 24.2 | P86: 34098.2 | Q86: =IF(P86="","",P86/J86) -> 26.628817 | R86: 6 | S86: 1 | T86: =(R86+S86)/J86*100 -> 0.54666146 | U86: 9148.5 | V86: =IF(E86="","",LN(E86)) -> 3.5174978 | W86: =IF(K86="","",LN(K86)) -> 4.0018637 | X86: =IF(Q86="","",LN(Q86)) -> 3.281994 | Y86: =LN(1+U86) -> 9.1214545 | Z86: =IF(B86=2017,"",W23) | AA86: =IF(B86=2017,"",L23) -> 3.27 | AB86: =IF(B86=2017,"",M23) -> 18.62 | AC86: =IF(B86=2017,"",N23) -> 21.5 | AD86: =IF(B86=2017,"",O23) -> 0 | AE86: =IF(B86=2017,"",X23) -> 3.2195882 | AF86: =IF(B86=2017,"",T23) -> 0.47088369 | AG86: =IF(B86=2017,"",Y23) -> 9.1176877
A87: Hòa Bình | B87: 2018 | C87: TDMNPB | D87: =IF(OR(C87="ĐNB",C87="ĐBSH"),1,0) -> 0 | E87: 31.1 | F87: 28.3 | G87: 32.1 | H87: 21.9 | I87: 65.9 | J87: 850.4 | K87: 54.4 | L87: 2.551 | M87: 15.66 | N87: 17.4 | P87: 7633.4 | Q87: =IF(P87="","",P87/J87) -> 8.9762465 | R87: 4 | S87: 2 | T87: =(R87+S87)/J87*100 -> 0.70555033 | U87: 843.8 | V87: =IF(E87="","",LN(E87)) -> 3.4372078 | W87: =IF(K87="","",LN(K87)) -> 3.9963642 | X87: =IF(Q87="","",LN(Q87)) -> 2.1945818 | Y87: =LN(1+U87) -> 6.7390999 | Z87: =IF(B87=2017,"",W24) | AA87: =IF(B87=2017,"",L24) -> 2.368 | AB87: =IF(B87=2017,"",M24) -> 15.59 | AC87: =IF(B87=2017,"",N24) -> 17.8 | AD87: =IF(B87=2017,"",O24) -> 0 | AE87: =IF(B87=2017,"",X24) -> 2.1782153 | AF87: =IF(B87=2017,"",T24) -> 0.71005917 | AG87: =IF(B87=2017,"",Y24) -> 6.4999374
A88: Hưng Yên | B88: 2018 | C88: ĐBSH | D88: =IF(OR(C88="ĐNB",C88="ĐBSH"),1,0) -> 1 | E88: 34.7 | F88: 32.2 | G88: 38.3 | H88: 24 | I88: 65 | J88: 1242.4 | K88: 66.9 | L88: 5.314 | M88: 12.19 | N88: 20.4 | P88: 27200.5 | Q88: =IF(P88="","",P88/J88) -> 21.893513 | R88: 11 | S88: 0 | T88: =(R88+S88)/J88*100 -> 0.88538313 | U88: 3580.9 | V88: =IF(E88="","",LN(E88)) -> 3.5467397 | W88: =IF(K88="","",LN(K88)) -> 4.203199 | X88: =IF(Q88="","",LN(Q88)) -> 3.0861904 | Y88: =LN(1+U88) -> 8.1836487 | Z88: =IF(B88=2017,"",W25) | AA88: =IF(B88=2017,"",L25) -> 4.736 | AB88: =IF(B88=2017,"",M25) -> 12.17 | AC88: =IF(B88=2017,"",N25) -> 19.9 | AD88: =IF(B88=2017,"",O25) -> 0 | AE88: =IF(B88=2017,"",X25) -> 2.9705647 | AF88: =IF(B88=2017,"",T25) -> 0.81380208 | AG88: =IF(B88=2017,"",Y25) -> 8.1471435
A89: Hải Dương | B89: 2018 | C89: ĐBSH | D89: =IF(OR(C89="ĐNB",C89="ĐBSH"),1,0) -> 1 | E89: 43.1 | F89: 35.1 | G89: 56.5 | H89: 26 | I89: 71.8 | J89: 1877.7 | K89: 61.2 | L89: 4.371 | M89: 24.68 | N89: 17.5 | P89: 36320.3 | Q89: =IF(P89="","",P89/J89) -> 19.342973 | R89: 8 | S89: 3 | T89: =(R89+S89)/J89*100 -> 0.58582308 | U89: 4131.8 | V89: =IF(E89="","",LN(E89)) -> 3.763523 | W89: =IF(K89="","",LN(K89)) -> 4.1141472 | X89: =IF(Q89="","",LN(Q89)) -> 2.9623292 | Y89: =LN(1+U89) -> 8.3267104 | Z89: =IF(B89=2017,"",W26) | AA89: =IF(B89=2017,"",L26) -> 4.013 | AB89: =IF(B89=2017,"",M26) -> 23.97 | AC89: =IF(B89=2017,"",N26) -> 20.8 | AD89: =IF(B89=2017,"",O26) -> 0 | AE89: =IF(B89=2017,"",X26) -> 2.869808 | AF89: =IF(B89=2017,"",T26) -> 2.1074246 | AG89: =IF(B89=2017,"",Y26) -> 8.3526251
A90: Hải Phòng | B90: 2018 | C90: ĐBSH | D90: =IF(OR(C90="ĐNB",C90="ĐBSH"),1,0) -> 1 | E90: 54.9 | F90: 41 | G90: 67.2 | H90: 45.1 | I90: 74 | J90: 2016.4 | K90: 104.4 | L90: 10.719 | M90: 45.64 | N90: 31.3 | P90: 76010.5 | Q90: =IF(P90="","",P90/J90) -> 37.696142 | R90: 24 | S90: 10 | T90: =(R90+S90)/J90*100 -> 1.6861734 | U90: 8764.2 | V90: =IF(E90="","",LN(E90)) -> 4.0055133 | W90: =IF(K90="","",LN(K90)) -> 4.6482297 | X90: =IF(Q90="","",LN(Q90)) -> 3.6295577 | Y90: =LN(1+U90) -> 9.0785446 | Z90: =IF(B90=2017,"",W27) | AA90: =IF(B90=2017,"",L27) -> 10.791 | AB90: =IF(B90=2017,"",M27) -> 45.69 | AC90: =IF(B90=2017,"",N27) -> 33.8 | AD90: =IF(B90=2017,"",O27) -> 0 | AE90: =IF(B90=2017,"",X27) -> 3.4783132 | AF90: =IF(B90=2017,"",T27) -> 1.7487759 | AG90: =IF(B90=2017,"",Y27) -> 8.9359167
A91: Hậu Giang | B91: 2018 | C91: ĐBSCL | D91: =IF(OR(C91="ĐNB",C91="ĐBSH"),1,0) -> 0 | J91: 734.9 | K91: 44.3 | L91: 2.584 | M91: 24.9 | N91: 9.7 | P91: 1988.8 | Q91: =IF(P91="","",P91/J91) -> 2.7062185 | R91: 6 | S91: 1 | T91: =(R91+S91)/J91*100 -> 0.95251055 | U91: 612.5 | V91: =IF(E91="","",LN(E91)) | W91: =IF(K91="","",LN(K91)) -> 3.7909847 | X91: =IF(Q91="","",LN(Q91)) -> 0.99555229 | Y91: =LN(1+U91) -> 6.4191803 | Z91: =IF(B91=2017,"",W28) | AA91: =IF(B91=2017,"",L28) -> 2.5 | AB91: =IF(B91=2017,"",M28) -> 24.26 | AC91: =IF(B91=2017,"",N28) -> 9 | AD91: =IF(B91=2017,"",O28) -> 0 | AE91: =IF(B91=2017,"",X28) -> 0.95895884 | AF91: =IF(B91=2017,"",T28) -> 0.81378001 | AG91: =IF(B91=2017,"",Y28) -> 6.982306
A92: Khánh Hòa | B92: 2018 | C92: BTB&DHMT | D92: =IF(OR(C92="ĐNB",C92="ĐBSH"),1,0) -> 0 | E92: 40.3 | F92: 36 | G92: 48.5 | H92: 32.5 | I92: 47.2 | J92: 1224.5 | K92: 63.9 | L92: 8.494 | M92: 42.03 | N92: 18.8 | P92: 23183.1 | Q92: =IF(P92="","",P92/J92) -> 18.932707 | R92: 25 | S92: 6 | T92: =(R92+S92)/J92*100 -> 2.5316456 | U92: 3465.1 | V92: =IF(E92="","",LN(E92)) -> 3.6963515 | W92: =IF(K92="","",LN(K92)) -> 4.1573194 | X92: =IF(Q92="","",LN(Q92)) -> 2.940891 | Y92: =LN(1+U92) -> 8.1507853 | Z92: =IF(B92=2017,"",W29) | AA92: =IF(B92=2017,"",L29) -> 7.732 | AB92: =IF(B92=2017,"",M29) -> 41.78 | AC92: =IF(B92=2017,"",N29) -> 18.7 | AD92: =IF(B92=2017,"",O29) -> 0 | AE92: =IF(B92=2017,"",X29) -> 2.8836991 | AF92: =IF(B92=2017,"",T29) -> 2.3020636 | AG92: =IF(B92=2017,"",Y29) -> 8.1413646
A93: Kiên Giang | B93: 2018 | C93: ĐBSCL | D93: =IF(OR(C93="ĐNB",C93="ĐBSH"),1,0) -> 0 | E93: 35.3 | F93: 30 | G93: 45.2 | H93: 23.7 | I93: 51.9 | J93: 1718.1 | K93: 52 | L93: 4.293 | M93: 28.21 | N93: 15.4 | P93: 3494.8 | Q93: =IF(P93="","",P93/J93) -> 2.0341074 | R93: 9 | S93: 1 | T93: =(R93+S93)/J93*100 -> 0.5820383 | U93: 2749.8 | V93: =IF(E93="","",LN(E93)) -> 3.563883 | W93: =IF(K93="","",LN(K93)) -> 3.9512437 | X93: =IF(Q93="","",LN(Q93)) -> 0.71005712 | Y93: =LN(1+U93) -> 7.9196471 | Z93: =IF(B93=2017,"",W30) | AA93: =IF(B93=2017,"",L30) -> 3.959 | AB93: =IF(B93=2017,"",M30) -> 28.06 | AC93: =IF(B93=2017,"",N30) -> 10.8 | AD93: =IF(B93=2017,"",O30) -> 0 | AE93: =IF(B93=2017,"",X30) -> 0.63057221 | AF93: =IF(B93=2017,"",T30) -> 0.46704419 | AG93: =IF(B93=2017,"",Y30) -> 7.8450244
A94: Kon Tum | B94: 2018 | C94: TN | D94: =IF(OR(C94="ĐNB",C94="ĐBSH"),1,0) -> 0 | E94: 29 | F94: 26.2 | G94: 28.7 | H94: 21 | I94: 64.1 | J94: 532.4 | K94: 37.8 | L94: 2.951 | M94: 32.12 | N94: 18 | P94: 5332.8 | Q94: =IF(P94="","",P94/J94) -> 10.016529 | R94: 2 | S94: 0 | T94: =(R94+S94)/J94*100 -> 0.3756574 | U94: 165.9 | V94: =IF(E94="","",LN(E94)) -> 3.3672958 | W94: =IF(K94="","",LN(K94)) -> 3.6323091 | X94: =IF(Q94="","",LN(Q94)) -> 2.3042366 | Y94: =LN(1+U94) -> 5.1173948 | Z94: =IF(B94=2017,"",W31) | AA94: =IF(B94=2017,"",L31) -> 2.982 | AB94: =IF(B94=2017,"",M31) -> 32.26 | AC94: =IF(B94=2017,"",N31) -> 16.6 | AD94: =IF(B94=2017,"",O31) -> 0 | AE94: =IF(B94=2017,"",X31) -> 2.2341346 | AF94: =IF(B94=2017,"",T31) -> 0.38454143 | AG94: =IF(B94=2017,"",Y31) -> 5.0701613
A95: Lai Châu | B95: 2018 | C95: TDMNPB | D95: =IF(OR(C95="ĐNB",C95="ĐBSH"),1,0) -> 0 | J95: 453.4 | K95: 40.5 | L95: 2.481 | M95: 14.67 | N95: 14.2 | P95: 1468.6 | Q95: =IF(P95="","",P95/J95) -> 3.2390825 | R95: 3 | S95: 2 | T95: =(R95+S95)/J95*100 -> 1.102779 | U95: 3.3 | V95: =IF(E95="","",LN(E95)) | W95: =IF(K95="","",LN(K95)) -> 3.701302 | X95: =IF(Q95="","",LN(Q95)) -> 1.1752901 | Y95: =LN(1+U95) -> 1.458615 | Z95: =IF(B95=2017,"",W32) | AA95: =IF(B95=2017,"",L32) -> 2.468 | AB95: =IF(B95=2017,"",M32) -> 14.67 | AC95: =IF(B95=2017,"",N32) -> 14.4 | AD95: =IF(B95=2017,"",O32) -> 0 | AE95: =IF(B95=2017,"",X32) -> 0.9876116 | AF95: =IF(B95=2017,"",T32) -> 1.5748031 | AG95: =IF(B95=2017,"",Y32) -> 2.3025851
A96: Long An | B96: 2018 | C96: ĐBSCL | D96: =IF(OR(C96="ĐNB",C96="ĐBSH"),1,0) -> 0 | E96: 34.2 | F96: 28.4 | G96: 44.3 | H96: 20 | I96: 60 | J96: 1678.9 | K96: 65.7 | L96: 5.291 | M96: 16.21 | N96: 16.1 | P96: 5617.5 | Q96: =IF(P96="","",P96/J96) -> 3.3459408 | R96: 7 | S96: 1 | T96: =(R96+S96)/J96*100 -> 0.47650247 | U96: 4405.5 | V96: =IF(E96="","",LN(E96)) -> 3.5322256 | W96: =IF(K96="","",LN(K96)) -> 4.1850989 | X96: =IF(Q96="","",LN(Q96)) -> 1.2077479 | Y96: =LN(1+U96) -> 8.390836 | Z96: =IF(B96=2017,"",W33) | AA96: =IF(B96=2017,"",L33) -> 4.711 | AB96: =IF(B96=2017,"",M33) -> 16.35 | AC96: =IF(B96=2017,"",N33) -> 14.6 | AD96: =IF(B96=2017,"",O33) -> 0 | AE96: =IF(B96=2017,"",X33) -> 1.1666114 | AF96: =IF(B96=2017,"",T33) -> 0.30078806 | AG96: =IF(B96=2017,"",Y33) -> 8.3415056
A97: Lào Cai | B97: 2018 | C97: TDMNPB | D97: =IF(OR(C97="ĐNB",C97="ĐBSH"),1,0) -> 0 | E97: 33.7 | F97: 37 | G97: 30.7 | H97: 25.3 | I97: 67 | J97: 720.8 | K97: 62.2 | L97: 3.582 | M97: 23.17 | N97: 17.1 | P97: 5252.7 | Q97: =IF(P97="","",P97/J97) -> 7.2873196 | R97: 13 | S97: 1 | T97: =(R97+S97)/J97*100 -> 1.9422863 | U97: 805.5 | V97: =IF(E97="","",LN(E97)) -> 3.5174978 | W97: =IF(K97="","",LN(K97)) -> 4.130355 | X97: =IF(Q97="","",LN(Q97)) -> 1.9861358 | Y97: =LN(1+U97) -> 6.6927039 | Z97: =IF(B97=2017,"",W34) | AA97: =IF(B97=2017,"",L34) -> 3.638 | AB97: =IF(B97=2017,"",M34) -> 22.86 | AC97: =IF(B97=2017,"",N34) -> 19.1 | AD97: =IF(B97=2017,"",O34) -> 0 | AE97: =IF(B97=2017,"",X34) -> 1.7195205 | AF97: =IF(B97=2017,"",T34) -> 1.9757268 | AG97: =IF(B97=2017,"",Y34) -> 6.709792
A98: Lâm Đồng | B98: 2018 | C98: TN | D98: =IF(OR(C98="ĐNB",C98="ĐBSH"),1,0) -> 0 | E98: 35.9 | F98: 31.6 | G98: 44.9 | H98: 21.8 | I98: 62.5 | J98: 1291.4 | K98: 56 | L98: 4.552 | M98: 39.07 | N98: 16.6 | P98: 12648 | Q98: =IF(P98="","",P98/J98) -> 9.794022 | R98: 5 | S98: 2 | T98: =(R98+S98)/J98*100 -> 0.54204739 | U98: 395.5 | V98: =IF(E98="","",LN(E98)) -> 3.5807373 | W98: =IF(K98="","",LN(K98)) -> 4.0253517 | X98: =IF(Q98="","",LN(Q98)) -> 2.2817722 | Y98: =LN(1+U98) -> 5.982676 | Z98: =IF(B98=2017,"",W35) | AA98: =IF(B98=2017,"",L35) -> 4.298 | AB98: =IF(B98=2017,"",M35) -> 38.99 | AC98: =IF(B98=2017,"",N35) -> 15 | AD98: =IF(B98=2017,"",O35) -> 0 | AE98: =IF(B98=2017,"",X35) -> 2.176175 | AF98: =IF(B98=2017,"",T35) -> 0.31218294 | AG98: =IF(B98=2017,"",Y35) -> 6.019566
A99: Lạng Sơn | B99: 2018 | C99: TDMNPB | D99: =IF(OR(C99="ĐNB",C99="ĐBSH"),1,0) -> 0 | E99: 27.3 | F99: 24.3 | G99: 25.1 | H99: 23.3 | I99: 55.2 | J99: 775.9 | K99: 38.3 | L99: 2.25 | M99: 20.34 | N99: 19.8 | P99: 5861.5 | Q99: =IF(P99="","",P99/J99) -> 7.5544529 | R99: 4 | S99: 2 | T99: =(R99+S99)/J99*100 -> 0.77329553 | U99: 305.7 | V99: =IF(E99="","",LN(E99)) -> 3.3068867 | W99: =IF(K99="","",LN(K99)) -> 3.6454499 | X99: =IF(Q99="","",LN(Q99)) -> 2.0221372 | Y99: =LN(1+U99) -> 5.7258701 | Z99: =IF(B99=2017,"",W36) | AA99: =IF(B99=2017,"",L36) -> 2.092 | AB99: =IF(B99=2017,"",M36) -> 20.22 | AC99: =IF(B99=2017,"",N36) -> 15.5 | AD99: =IF(B99=2017,"",O36) -> 0 | AE99: =IF(B99=2017,"",X36) -> 2.0053786 | AF99: =IF(B99=2017,"",T36) -> 0.39026929 | AG99: =IF(B99=2017,"",Y36) -> 5.6883304
A100: Nam Định | B100: 2018 | C100: ĐBSH | D100: =IF(OR(C100="ĐNB",C100="ĐBSH"),1,0) -> 1 | E100: 37.8 | F100: 34 | G100: 46.1 | H100: 23.4 | I100: 66.7 | J100: 1784.2 | K100: 34.9 | L100: 3.069 | M100: 18.17 | N100: 15.9 | P100: 11607.3 | Q100: =IF(P100="","",P100/J100) -> 6.5056048 | R100: 14 | S100: 0 | T100: =(R100+S100)/J100*100 -> 0.7846654 | U100: 1839.3 | V100: =IF(E100="","",LN(E100)) -> 3.6323091 | W100: =IF(K100="","",LN(K100)) -> 3.5524868 | X100: =IF(Q100="","",LN(Q100)) -> 1.8726641 | Y100: =LN(1+U100) -> 7.5176839 | Z100: =IF(B100=2017,"",W37) | AA100: =IF(B100=2017,"",L37) -> 2.821 | AB100: =IF(B100=2017,"",M37) -> 17.7 | AC100: =IF(B100=2017,"",N37) -> 15.3 | AD100: =IF(B100=2017,"",O37) -> 0 | AE100: =IF(B100=2017,"",X37) -> 1.7570998 | AF100: =IF(B100=2017,"",T37) -> 0.67106588 | AG100: =IF(B100=2017,"",Y37) -> 7.4645098
A101: Nghệ An | B101: 2018 | C101: BTB&DHMT | D101: =IF(OR(C101="ĐNB",C101="ĐBSH"),1,0) -> 0 | E101: 38 | F101: 36.1 | G101: 39.5 | H101: 28.2 | I101: 71.2 | J101: 3291.4 | K101: 36.5 | L101: 3.557 | M101: 14.7 | N101: 20.8 | P101: 86956 | Q101: =IF(P101="","",P101/J101) -> 26.419153 | R101: 75 | S101: 13 | T101: =(R101+S101)/J101*100 -> 2.6736343 | U101: 560.7 | V101: =IF(E101="","",LN(E101)) -> 3.6375862 | W101: =IF(K101="","",LN(K101)) -> 3.5973123 | X101: =IF(Q101="","",LN(Q101)) -> 3.2740892 | Y101: =LN(1+U101) -> 6.3309679 | Z101: =IF(B101=2017,"",W38) | AA101: =IF(B101=2017,"",L38) -> 3.529 | AB101: =IF(B101=2017,"",M38) -> 14.73 | AC101: =IF(B101=2017,"",N38) -> 19.9 | AD101: =IF(B101=2017,"",O38) -> 0 | AE101: =IF(B101=2017,"",X38) -> 2.9707658 | AF101: =IF(B101=2017,"",T38) -> 1.5708258 | AG101: =IF(B101=2017,"",Y38) -> 6.3311459
...

Sheet 2_Bang1_Mo_ta
A1: BẢNG 1. Thống kê mô tả (gộp 2017–2024; N = số ô không trống)
A3: Biến | B3: Cột trong 1_Du_lieu | C3: N | D3: Trung bình | E3: Độ lệch chuẩn | F3: Nhỏ nhất | G3: Lớn nhất
A4: Chỉ số TMĐT tổng hợp (EBI) | B4: E | C4: =COUNT('1_Du_lieu'!$E$5:$E$508) -> 445 | D4: =AVERAGE('1_Du_lieu'!$E$5:$E$508) -> 27.527888 | E4: =_xlfn.STDEV.S('1_Du_lieu'!$E$5:$E$508) -> 16.56187 | F4: =MIN('1_Du_lieu'!$E$5:$E$508) -> 3.98 | G4: =MAX('1_Du_lieu'!$E$5:$E$508) -> 90.6
A5: Trụ cột NNL&HT | B5: F | C5: =COUNT('1_Du_lieu'!$F$5:$F$508) -> 445 | D5: =AVERAGE('1_Du_lieu'!$F$5:$F$508) -> 25.856719 | E5: =_xlfn.STDEV.S('1_Du_lieu'!$F$5:$F$508) -> 15.785477 | F5: =MIN('1_Du_lieu'!$F$5:$F$508) -> 8.5 | G5: =MAX('1_Du_lieu'!$F$5:$F$508) -> 98.5
A6: Trụ cột B2C | B6: G | C6: =COUNT('1_Du_lieu'!$G$5:$G$508) -> 445 | D6: =AVERAGE('1_Du_lieu'!$G$5:$G$508) -> 30.158449 | E6: =_xlfn.STDEV.S('1_Du_lieu'!$G$5:$G$508) -> 19.247672 | F6: =MIN('1_Du_lieu'!$G$5:$G$508) -> 2.04 | G6: =MAX('1_Du_lieu'!$G$5:$G$508) -> 89.8
A7: Trụ cột B2B | B7: H | C7: =COUNT('1_Du_lieu'!$H$5:$H$508) -> 445 | D7: =AVERAGE('1_Du_lieu'!$H$5:$H$508) -> 22.825371 | E7: =_xlfn.STDEV.S('1_Du_lieu'!$H$5:$H$508) -> 15.540944 | F7: =MIN('1_Du_lieu'!$H$5:$H$508) -> 1.86 | G7: =MAX('1_Du_lieu'!$H$5:$H$508) -> 96
A8: Trụ cột G2B (2017–2020) | B8: I | C8: =COUNT('1_Du_lieu'!$I$5:$I$508) -> 217 | D8: =AVERAGE('1_Du_lieu'!$I$5:$I$508) -> 64.202765 | E8: =_xlfn.STDEV.S('1_Du_lieu'!$I$5:$I$508) -> 8.8390229 | F8: =MIN('1_Du_lieu'!$I$5:$I$508) -> 43 | G8: =MAX('1_Du_lieu'!$I$5:$I$508) -> 86
A9: GRDP bình quân đầu người (tr.đ) | B9: K | C9: =COUNT('1_Du_lieu'!$K$5:$K$508) -> 441 | D9: =AVERAGE('1_Du_lieu'!$K$5:$K$508) -> 76.918821 | E9: =_xlfn.STDEV.S('1_Du_lieu'!$K$5:$K$508) -> 46.28039 | F9: =MIN('1_Du_lieu'!$K$5:$K$508) -> 26.1 | G9: =MAX('1_Du_lieu'!$K$5:$K$508) -> 372.1
A10: Mật độ doanh nghiệp (DN/1.000 dân) | B10: L | C10: =COUNT('1_Du_lieu'!$L$5:$L$508) -> 504 | D10: =AVERAGE('1_Du_lieu'!$L$5:$L$508) -> 5.1940417 | E10: =_xlfn.STDEV.S('1_Du_lieu'!$L$5:$L$508) -> 4.6091139 | F10: =MIN('1_Du_lieu'!$L$5:$L$508) -> 1.344 | G10: =MAX('1_Du_lieu'!$L$5:$L$508) -> 29.287
A11: Tỷ lệ dân số thành thị (%) | B11: M | C11: =COUNT('1_Du_lieu'!$M$5:$M$508) -> 504 | D11: =AVERAGE('1_Du_lieu'!$M$5:$M$508) -> 30.363591 | E11: =_xlfn.STDEV.S('1_Du_lieu'!$M$5:$M$508) -> 17.251925 | F11: =MIN('1_Du_lieu'!$M$5:$M$508) -> 9.8 | G11: =MAX('1_Du_lieu'!$M$5:$M$508) -> 87.81
A12: Tỷ lệ LĐ 15+ qua đào tạo (%) | B12: N | C12: =COUNT('1_Du_lieu'!$N$5:$N$508) -> 504 | D12: =AVERAGE('1_Du_lieu'!$N$5:$N$508) -> 22.068452 | E12: =_xlfn.STDEV.S('1_Du_lieu'!$N$5:$N$508) -> 8.3342223 | F12: =MIN('1_Du_lieu'!$N$5:$N$508) -> 8.2 | G12: =MAX('1_Du_lieu'!$N$5:$N$508) -> 53.9
A13: Tỷ lệ hộ có máy tính (%) | B13: O | C13: =COUNT('1_Du_lieu'!$O$5:$O$508) -> 378 | D13: =AVERAGE('1_Du_lieu'!$O$5:$O$508) -> 21.265344 | E13: =_xlfn.STDEV.S('1_Du_lieu'!$O$5:$O$508) -> 8.8983198 | F13: =MIN('1_Du_lieu'!$O$5:$O$508) -> 4.3 | G13: =MAX('1_Du_lieu'!$O$5:$O$508) -> 58.1
A14: Hàng hóa đường bộ/người (tấn) | B14: Q | C14: =COUNT('1_Du_lieu'!$Q$5:$Q$508) -> 496 | D14: =AVERAGE('1_Du_lieu'!$Q$5:$Q$508) -> 13.229175 | E14: =_xlfn.STDEV.S('1_Du_lieu'!$Q$5:$Q$508) -> 11.423691 | F14: =MIN('1_Du_lieu'!$Q$5:$Q$508) -> 0.37903091 | G14: =MAX('1_Du_lieu'!$Q$5:$Q$508) -> 68.197136
A15: Siêu thị + TTTM/100.000 dân | B15: T | C15: =COUNT('1_Du_lieu'!$T$5:$T$508) -> 504 | D15: =AVERAGE('1_Du_lieu'!$T$5:$T$508) -> 1.2049828 | E15: =_xlfn.STDEV.S('1_Du_lieu'!$T$5:$T$508) -> 1.1632725 | F15: =MIN('1_Du_lieu'!$T$5:$T$508) -> 0 | G15: =MAX('1_Du_lieu'!$T$5:$T$508) -> 6.9992821
A16: FDI lũy kế/người (USD) | B16: U | C16: =COUNT('1_Du_lieu'!$U$5:$U$508) -> 504 | D16: =AVERAGE('1_Du_lieu'!$U$5:$U$508) -> 3354.344 | E16: =_xlfn.STDEV.S('1_Du_lieu'!$U$5:$U$508) -> 4640.2111 | F16: =MIN('1_Du_lieu'!$U$5:$U$508) -> 3 | G16: =MAX('1_Du_lieu'!$U$5:$U$508) -> 30546.5

Sheet 3_Bang2_EBI_tuong_doi
A1: EBI TƯƠNG ĐỐI = EBI / trung bình các tỉnh có số liệu trong năm × 100
A2: Trung bình năm t tính bằng AVERAGE trên khối 63 dòng của năm t trong 1_Du_lieu (ô trống bị bỏ qua, nên mẫu số là số tỉnh có EBI).
A4: Tỉnh | B4: Năm | C4: Vùng | D4: Giai đoạn | E4: EBI | F4: Trung bình năm (N tỉnh có EBI) | G4: EBI tương đối | H4: NNL&HT tương đối | I4: B2C tương đối | J4: B2B tương đối | K4: Lõi
A5: An Giang | B5: 2017 | C5: ='1_Du_lieu'!C5 -> ĐBSCL | D5: =IF(B5<=2020,"2017–2020","2021–2024") -> 2017–2020 | E5: ='1_Du_lieu'!E5 -> 27.2 | F5: =AVERAGE('1_Du_lieu'!$E$5:$E$67) -> 31.157407 | G5: =E5/F5*100 -> 87.298663 | H5: ='1_Du_lieu'!F5/AVERAGE('1_Du_lieu'!$F$5:$F$67)*100 -> 70.210758 | I5: ='1_Du_lieu'!G5/AVERAGE('1_Du_lieu'!$G$5:$G$67)*100 -> 98.563296 | J5: ='1_Du_lieu'!H5/AVERAGE('1_Du_lieu'!$H$5:$H$67)*100 -> 59.844084 | K5: ='1_Du_lieu'!D5 -> 0
A6: Bà Rịa - Vũng Tàu | B6: 2017 | C6: ='1_Du_lieu'!C6 -> ĐNB | D6: =IF(B6<=2020,"2017–2020","2021–2024") -> 2017–2020 | E6: ='1_Du_lieu'!E6 -> 37.8 | F6: =AVERAGE('1_Du_lieu'!$E$5:$E$67) -> 31.157407 | G6: =E6/F6*100 -> 121.31947 | H6: ='1_Du_lieu'!F6/AVERAGE('1_Du_lieu'!$F$5:$F$67)*100 -> 120.60396 | I6: ='1_Du_lieu'!G6/AVERAGE('1_Du_lieu'!$G$5:$G$67)*100 -> 139.06208 | J6: ='1_Du_lieu'!H6/AVERAGE('1_Du_lieu'!$H$5:$H$67)*100 -> 118.0373 | K6: ='1_Du_lieu'!D6 -> 1
A7: Bình Dương | B7: 2017 | C7: ='1_Du_lieu'!C7 -> ĐNB | D7: =IF(B7<=2020,"2017–2020","2021–2024") -> 2017–2020 | E7: ='1_Du_lieu'!E7 -> 43 | F7: =AVERAGE('1_Du_lieu'!$E$5:$E$67) -> 31.157407 | G7: =E7/F7*100 -> 138.00892 | H7: ='1_Du_lieu'!F7/AVERAGE('1_Du_lieu'!$F$5:$F$67)*100 -> 120.03775 | I7: ='1_Du_lieu'!G7/AVERAGE('1_Du_lieu'!$G$5:$G$67)*100 -> 151.50447 | J7: ='1_Du_lieu'!H7/AVERAGE('1_Du_lieu'!$H$5:$H$67)*100 -> 151.46744 | K7: ='1_Du_lieu'!D7 -> 1
A8: Bình Phước | B8: 2017 | C8: ='1_Du_lieu'!C8 -> ĐNB | D8: =IF(B8<=2020,"2017–2020","2021–2024") -> 2017–2020 | E8: ='1_Du_lieu'!E8 -> 24 | F8: =AVERAGE('1_Du_lieu'!$E$5:$E$67) -> 31.157407 | G8: =E8/F8*100 -> 77.028232 | H8: ='1_Du_lieu'!F8/AVERAGE('1_Du_lieu'!$F$5:$F$67)*100 -> 62.283737 | I8: ='1_Du_lieu'!G8/AVERAGE('1_Du_lieu'!$G$5:$G$67)*100 -> 85.388994 | J8: ='1_Du_lieu'!H8/AVERAGE('1_Du_lieu'!$H$5:$H$67)*100 -> 73.463773 | K8: ='1_Du_lieu'!D8 -> 1
A9: Bình Thuận | B9: 2017 | C9: ='1_Du_lieu'!C9 -> BTB&DHMT | D9: =IF(B9<=2020,"2017–2020","2021–2024") -> 2017–2020 | E9: ='1_Du_lieu'!E9 -> 29.5 | F9: =AVERAGE('1_Du_lieu'!$E$5:$E$67) -> 31.157407 | G9: =E9/F9*100 -> 94.680535 | H9: ='1_Du_lieu'!F9/AVERAGE('1_Du_lieu'!$F$5:$F$67)*100 -> 82.10129 | I9: ='1_Du_lieu'!G9/AVERAGE('1_Du_lieu'!$G$5:$G$67)*100 -> 101.24695 | J9: ='1_Du_lieu'!H9/AVERAGE('1_Du_lieu'!$H$5:$H$67)*100 -> 90.385203 | K9: ='1_Du_lieu'!D9 -> 0
A10: Bình Định | B10: 2017 | C10: ='1_Du_lieu'!C10 -> BTB&DHMT | D10: =IF(B10<=2020,"2017–2020","2021–2024") -> 2017–2020 | E10: ='1_Du_lieu'!E10 -> 29.9 | F10: =AVERAGE('1_Du_lieu'!$E$5:$E$67) -> 31.157407 | G10: =E10/F10*100 -> 95.964339 | H10: ='1_Du_lieu'!F10/AVERAGE('1_Du_lieu'!$F$5:$F$67)*100 -> 87.763448 | I10: ='1_Du_lieu'!G10/AVERAGE('1_Du_lieu'!$G$5:$G$67)*100 -> 100.02711 | J10: ='1_Du_lieu'!H10/AVERAGE('1_Du_lieu'!$H$5:$H$67)*100 -> 100.70315 | K10: ='1_Du_lieu'!D10 -> 0
A11: Bắc Giang | B11: 2017 | C11: ='1_Du_lieu'!C12 -> TDMNPB | D11: =IF(B11<=2020,"2017–2020","2021–2024") -> 2017–2020 | E11: ='1_Du_lieu'!E12 -> 30 | F11: =AVERAGE('1_Du_lieu'!$E$5:$E$67) -> 31.157407 | G11: =E11/F11*100 -> 96.28529 | H11: ='1_Du_lieu'!F12/AVERAGE('1_Du_lieu'!$F$5:$F$67)*100 -> 65.681032 | I11: ='1_Du_lieu'!G12/AVERAGE('1_Du_lieu'!$G$5:$G$67)*100 -> 98.807265 | J11: ='1_Du_lieu'!H12/AVERAGE('1_Du_lieu'!$H$5:$H$67)*100 -> 103.17946 | K11: ='1_Du_lieu'!D12 -> 0
A12: Bắc Kạn | B12: 2017 | C12: ='1_Du_lieu'!C13 -> TDMNPB | D12: =IF(B12<=2020,"2017–2020","2021–2024") -> 2017–2020 | E12: ='1_Du_lieu'!E13 -> 22.6 | F12: =AVERAGE('1_Du_lieu'!$E$5:$E$67) -> 31.157407 | G12: =E12/F12*100 -> 72.534918 | H12: ='1_Du_lieu'!F13/AVERAGE('1_Du_lieu'!$F$5:$F$67)*100 -> 78.137779 | I12: ='1_Du_lieu'!G13/AVERAGE('1_Du_lieu'!$G$5:$G$67)*100 -> 65.383573 | J12: ='1_Du_lieu'!H13/AVERAGE('1_Du_lieu'!$H$5:$H$67)*100 -> 76.352797 | K12: ='1_Du_lieu'!D13 -> 0
A13: Bắc Ninh | B13: 2017 | C13: ='1_Du_lieu'!C14 -> ĐBSH | D13: =IF(B13<=2020,"2017–2020","2021–2024") -> 2017–2020 | E13: ='1_Du_lieu'!E14 -> 38.9 | F13: =AVERAGE('1_Du_lieu'!$E$5:$E$67) -> 31.157407 | G13: =E13/F13*100 -> 124.84993 | H13: ='1_Du_lieu'!F14/AVERAGE('1_Du_lieu'!$F$5:$F$67)*100 -> 112.11073 | I13: ='1_Du_lieu'!G14/AVERAGE('1_Du_lieu'!$G$5:$G$67)*100 -> 141.01382 | J13: ='1_Du_lieu'!H14/AVERAGE('1_Du_lieu'!$H$5:$H$67)*100 -> 125.0535 | K13: ='1_Du_lieu'!D14 -> 1
A14: Bến Tre | B14: 2017 | C14: ='1_Du_lieu'!C15 -> ĐBSCL | D14: =IF(B14<=2020,"2017–2020","2021–2024") -> 2017–2020 | E14: ='1_Du_lieu'!E15 -> 28.1 | F14: =AVERAGE('1_Du_lieu'!$E$5:$E$67) -> 31.157407 | G14: =E14/F14*100 -> 90.187221 | H14: ='1_Du_lieu'!F15/AVERAGE('1_Du_lieu'!$F$5:$F$67)*100 -> 89.462095 | I14: ='1_Du_lieu'!G15/AVERAGE('1_Du_lieu'!$G$5:$G$67)*100 -> 89.048523 | J14: ='1_Du_lieu'!H15/AVERAGE('1_Du_lieu'!$H$5:$H$67)*100 -> 80.479976 | K14: ='1_Du_lieu'!D15 -> 0
A15: Cà Mau | B15: 2017 | C15: ='1_Du_lieu'!C17 -> ĐBSCL | D15: =IF(B15<=2020,"2017–2020","2021–2024") -> 2017–2020 | E15: ='1_Du_lieu'!E17 -> 21.2 | F15: =AVERAGE('1_Du_lieu'!$E$5:$E$67) -> 31.157407 | G15: =E15/F15*100 -> 68.041605 | H15: ='1_Du_lieu'!F17/AVERAGE('1_Du_lieu'!$F$5:$F$67)*100 -> 62.849953 | I15: ='1_Du_lieu'!G17/AVERAGE('1_Du_lieu'!$G$5:$G$67)*100 -> 58.552453 | J15: ='1_Du_lieu'!H17/AVERAGE('1_Du_lieu'!$H$5:$H$67)*100 -> 76.765515 | K15: ='1_Du_lieu'!D17 -> 0
A16: Cần Thơ | B16: 2017 | C16: ='1_Du_lieu'!C18 -> ĐBSCL | D16: =IF(B16<=2020,"2017–2020","2021–2024") -> 2017–2020 | E16: ='1_Du_lieu'!E18 -> 37.2 | F16: =AVERAGE('1_Du_lieu'!$E$5:$E$67) -> 31.157407 | G16: =E16/F16*100 -> 119.39376 | H16: ='1_Du_lieu'!F18/AVERAGE('1_Du_lieu'!$F$5:$F$67)*100 -> 97.955332 | I16: ='1_Du_lieu'!G18/AVERAGE('1_Du_lieu'!$G$5:$G$67)*100 -> 135.40255 | J16: ='1_Du_lieu'!H18/AVERAGE('1_Du_lieu'!$H$5:$H$67)*100 -> 108.13207 | K16: ='1_Du_lieu'!D18 -> 0
A17: Gia Lai | B17: 2017 | C17: ='1_Du_lieu'!C19 -> TN | D17: =IF(B17<=2020,"2017–2020","2021–2024") -> 2017–2020 | E17: ='1_Du_lieu'!E19 -> 23.7 | F17: =AVERAGE('1_Du_lieu'!$E$5:$E$67) -> 31.157407 | G17: =E17/F17*100 -> 76.065379 | H17: ='1_Du_lieu'!F19/AVERAGE('1_Du_lieu'!$F$5:$F$67)*100 -> 56.621579 | I17: ='1_Du_lieu'!G19/AVERAGE('1_Du_lieu'!$G$5:$G$67)*100 -> 80.509623 | J17: ='1_Du_lieu'!H19/AVERAGE('1_Du_lieu'!$H$5:$H$67)*100 -> 86.670743 | K17: ='1_Du_lieu'!D19 -> 0
A18: Hà Nam | B18: 2017 | C18: ='1_Du_lieu'!C21 -> ĐBSH | D18: =IF(B18<=2020,"2017–2020","2021–2024") -> 2017–2020 | E18: ='1_Du_lieu'!E21 -> 29.3 | F18: =AVERAGE('1_Du_lieu'!$E$5:$E$67) -> 31.157407 | G18: =E18/F18*100 -> 94.038633 | H18: ='1_Du_lieu'!F21/AVERAGE('1_Du_lieu'!$F$5:$F$67)*100 -> 89.462095 | I18: ='1_Du_lieu'!G21/AVERAGE('1_Du_lieu'!$G$5:$G$67)*100 -> 98.563296 | J18: ='1_Du_lieu'!H21/AVERAGE('1_Du_lieu'!$H$5:$H$67)*100 -> 85.845307 | K18: ='1_Du_lieu'!D21 -> 1
A19: Hà Nội | B19: 2017 | C19: ='1_Du_lieu'!C22 -> ĐBSH | D19: =IF(B19<=2020,"2017–2020","2021–2024") -> 2017–2020 | E19: ='1_Du_lieu'!E22 -> 75.8 | F19: =AVERAGE('1_Du_lieu'!$E$5:$E$67) -> 31.157407 | G19: =E19/F19*100 -> 243.28083 | H19: ='1_Du_lieu'!F22/AVERAGE('1_Du_lieu'!$F$5:$F$67)*100 -> 530.5442 | I19: ='1_Du_lieu'!G22/AVERAGE('1_Du_lieu'!$G$5:$G$67)*100 -> 168.82624 | J19: ='1_Du_lieu'!H22/AVERAGE('1_Du_lieu'!$H$5:$H$67)*100 -> 265.79028 | K19: ='1_Du_lieu'!D22 -> 1
A20: Hà Tĩnh | B20: 2017 | C20: ='1_Du_lieu'!C23 -> BTB&DHMT | D20: =IF(B20<=2020,"2017–2020","2021–2024") -> 2017–2020 | E20: ='1_Du_lieu'!E23 -> 27.1 | F20: =AVERAGE('1_Du_lieu'!$E$5:$E$67) -> 31.157407 | G20: =E20/F20*100 -> 86.977712 | H20: ='1_Du_lieu'!F23/AVERAGE('1_Du_lieu'!$F$5:$F$67)*100 -> 67.379679 | I20: ='1_Du_lieu'!G23/AVERAGE('1_Du_lieu'!$G$5:$G$67)*100 -> 80.99756 | J20: ='1_Du_lieu'!H23/AVERAGE('1_Du_lieu'!$H$5:$H$67)*100 -> 103.17946 | K20: ='1_Du_lieu'!D23 -> 0
A21: Hòa Bình | B21: 2017 | C21: ='1_Du_lieu'!C24 -> TDMNPB | D21: =IF(B21<=2020,"2017–2020","2021–2024") -> 2017–2020 | E21: ='1_Du_lieu'!E24 -> 25.1 | F21: =AVERAGE('1_Du_lieu'!$E$5:$E$67) -> 31.157407 | G21: =E21/F21*100 -> 80.558692 | H21: ='1_Du_lieu'!F24/AVERAGE('1_Du_lieu'!$F$5:$F$67)*100 -> 61.151305 | I21: ='1_Du_lieu'!G24/AVERAGE('1_Du_lieu'!$G$5:$G$67)*100 -> 73.434535 | J21: ='1_Du_lieu'!H24/AVERAGE('1_Du_lieu'!$H$5:$H$67)*100 -> 92.036075 | K21: ='1_Du_lieu'!D24 -> 0
A22: Hưng Yên | B22: 2017 | C22: ='1_Du_lieu'!C25 -> ĐBSH | D22: =IF(B22<=2020,"2017–2020","2021–2024") -> 2017–2020 | E22: ='1_Du_lieu'!E25 -> 28 | F22: =AVERAGE('1_Du_lieu'!$E$5:$E$67) -> 31.157407 | G22: =E22/F22*100 -> 89.86627 | H22: ='1_Du_lieu'!F25/AVERAGE('1_Du_lieu'!$F$5:$F$67)*100 -> 80.402642 | I22: ='1_Du_lieu'!G25/AVERAGE('1_Du_lieu'!$G$5:$G$67)*100 -> 88.560586 | J22: ='1_Du_lieu'!H25/AVERAGE('1_Du_lieu'!$H$5:$H$67)*100 -> 86.670743 | K22: ='1_Du_lieu'!D25 -> 1
A23: Hải Dương | B23: 2017 | C23: ='1_Du_lieu'!C26 -> ĐBSH | D23: =IF(B23<=2020,"2017–2020","2021–2024") -> 2017–2020 | E23: ='1_Du_lieu'!E26 -> 34.6 | F23: =AVERAGE('1_Du_lieu'!$E$5:$E$67) -> 31.157407 | G23: =E23/F23*100 -> 111.04903 | H23: ='1_Du_lieu'!F26/AVERAGE('1_Du_lieu'!$F$5:$F$67)*100 -> 86.631016 | I23: ='1_Du_lieu'!G26/AVERAGE('1_Du_lieu'!$G$5:$G$67)*100 -> 133.93874 | J23: ='1_Du_lieu'!H26/AVERAGE('1_Du_lieu'!$H$5:$H$67)*100 -> 87.496179 | K23: ='1_Du_lieu'!D26 -> 1
A24: Hải Phòng | B24: 2017 | C24: ='1_Du_lieu'!C27 -> ĐBSH | D24: =IF(B24<=2020,"2017–2020","2021–2024") -> 2017–2020 | E24: ='1_Du_lieu'!E27 -> 42.2 | F24: =AVERAGE('1_Du_lieu'!$E$5:$E$67) -> 31.157407 | G24: =E24/F24*100 -> 135.44131 | H24: ='1_Du_lieu'!F27/AVERAGE('1_Du_lieu'!$F$5:$F$67)*100 -> 125.13369 | I24: ='1_Du_lieu'!G27/AVERAGE('1_Du_lieu'!$G$5:$G$67)*100 -> 150.28463 | J24: ='1_Du_lieu'!H27/AVERAGE('1_Du_lieu'!$H$5:$H$67)*100 -> 133.30786 | K24: ='1_Du_lieu'!D27 -> 1
A25: Khánh Hòa | B25: 2017 | C25: ='1_Du_lieu'!C29 -> BTB&DHMT | D25: =IF(B25<=2020,"2017–2020","2021–2024") -> 2017–2020 | E25: ='1_Du_lieu'!E29 -> 34.6 | F25: =AVERAGE('1_Du_lieu'!$E$5:$E$67) -> 31.157407 | G25: =E25/F25*100 -> 111.04903 | H25: ='1_Du_lieu'!F29/AVERAGE('1_Du_lieu'!$F$5:$F$67)*100 -> 121.7364 | I25: ='1_Du_lieu'!G29/AVERAGE('1_Du_lieu'!$G$5:$G$67)*100 -> 115.39713 | J25: ='1_Du_lieu'!H29/AVERAGE('1_Du_lieu'!$H$5:$H$67)*100 -> 106.89392 | K25: ='1_Du_lieu'!D29 -> 0
A26: Kiên Giang | B26: 2017 | C26: ='1_Du_lieu'!C30 -> ĐBSCL | D26: =IF(B26<=2020,"2017–2020","2021–2024") -> 2017–2020 | E26: ='1_Du_lieu'!E30 -> 27.5 | F26: =AVERAGE('1_Du_lieu'!$E$5:$E$67) -> 31.157407 | G26: =E26/F26*100 -> 88.261516 | H26: ='1_Du_lieu'!F30/AVERAGE('1_Du_lieu'!$F$5:$F$67)*100 -> 84.366153 | I26: ='1_Du_lieu'!G30/AVERAGE('1_Du_lieu'!$G$5:$G$67)*100 -> 85.388994 | J26: ='1_Du_lieu'!H30/AVERAGE('1_Du_lieu'!$H$5:$H$67)*100 -> 88.321614 | K26: ='1_Du_lieu'!D30 -> 0
A27: Kon Tum | B27: 2017 | C27: ='1_Du_lieu'!C31 -> TN | D27: =IF(B27<=2020,"2017–2020","2021–2024") -> 2017–2020 | E27: ='1_Du_lieu'!E31 -> 24.2 | F27: =AVERAGE('1_Du_lieu'!$E$5:$E$67) -> 31.157407 | G27: =E27/F27*100 -> 77.670134 | H27: ='1_Du_lieu'!F31/AVERAGE('1_Du_lieu'!$F$5:$F$67)*100 -> 87.763448 | I27: ='1_Du_lieu'!G31/AVERAGE('1_Du_lieu'!$G$5:$G$67)*100 -> 65.383573 | J27: ='1_Du_lieu'!H31/AVERAGE('1_Du_lieu'!$H$5:$H$67)*100 -> 85.019872 | K27: ='1_Du_lieu'!D31 -> 0
A28: Long An | B28: 2017 | C28: ='1_Du_lieu'!C33 -> ĐBSCL | D28: =IF(B28<=2020,"2017–2020","2021–2024") -> 2017–2020 | E28: ='1_Du_lieu'!E33 -> 27.9 | F28: =AVERAGE('1_Du_lieu'!$E$5:$E$67) -> 31.157407 | G28: =E28/F28*100 -> 89.545319 | H28: ='1_Du_lieu'!F33/AVERAGE('1_Du_lieu'!$F$5:$F$67)*100 -> 83.799937 | I28: ='1_Du_lieu'!G33/AVERAGE('1_Du_lieu'!$G$5:$G$67)*100 -> 85.388994 | J28: ='1_Du_lieu'!H33/AVERAGE('1_Du_lieu'!$H$5:$H$67)*100 -> 95.750535 | K28: ='1_Du_lieu'!D33 -> 0
A29: Lào Cai | B29: 2017 | C29: ='1_Du_lieu'!C34 -> TDMNPB | D29: =IF(B29<=2020,"2017–2020","2021–2024") -> 2017–2020 | E29: ='1_Du_lieu'!E34 -> 26.6 | F29: =AVERAGE('1_Du_lieu'!$E$5:$E$67) -> 31.157407 | G29: =E29/F29*100 -> 85.372957 | H29: ='1_Du_lieu'!F34/AVERAGE('1_Du_lieu'!$F$5:$F$67)*100 -> 69.644542 | I29: ='1_Du_lieu'!G34/AVERAGE('1_Du_lieu'!$G$5:$G$67)*100 -> 85.388994 | J29: ='1_Du_lieu'!H34/AVERAGE('1_Du_lieu'!$H$5:$H$67)*100 -> 76.765515 | K29: ='1_Du_lieu'!D34 -> 0
A30: Lâm Đồng | B30: 2017 | C30: ='1_Du_lieu'!C35 -> TN | D30: =IF(B30<=2020,"2017–2020","2021–2024") -> 2017–2020 | E30: ='1_Du_lieu'!E35 -> 27.2 | F30: =AVERAGE('1_Du_lieu'!$E$5:$E$67) -> 31.157407 | G30: =E30/F30*100 -> 87.298663 | H30: ='1_Du_lieu'!F35/AVERAGE('1_Du_lieu'!$F$5:$F$67)*100 -> 93.991821 | I30: ='1_Du_lieu'!G35/AVERAGE('1_Du_lieu'!$G$5:$G$67)*100 -> 73.190567 | J30: ='1_Du_lieu'!H35/AVERAGE('1_Du_lieu'!$H$5:$H$67)*100 -> 99.877713 | K30: ='1_Du_lieu'!D35 -> 0
A31: Lạng Sơn | B31: 2017 | C31: ='1_Du_lieu'!C36 -> TDMNPB | D31: =IF(B31<=2020,"2017–2020","2021–2024") -> 2017–2020 | E31: ='1_Du_lieu'!E36 -> 21.2 | F31: =AVERAGE('1_Du_lieu'!$E$5:$E$67) -> 31.157407 | G31: =E31/F31*100 -> 68.041605 | H31: ='1_Du_lieu'!F36/AVERAGE('1_Du_lieu'!$F$5:$F$67)*100 -> 75.872916 | I31: ='1_Du_lieu'!G36/AVERAGE('1_Du_lieu'!$G$5:$G$67)*100 -> 67.335321 | J31: ='1_Du_lieu'!H36/AVERAGE('1_Du_lieu'!$H$5:$H$67)*100 -> 52.415164 | K31: ='1_Du_lieu'!D36 -> 0
A32: Nam Định | B32: 2017 | C32: ='1_Du_lieu'!C37 -> ĐBSH | D32: =IF(B32<=2020,"2017–2020","2021–2024") -> 2017–2020 | E32: ='1_Du_lieu'!E37 -> 33.3 | F32: =AVERAGE('1_Du_lieu'!$E$5:$E$67) -> 31.157407 | G32: =E32/F32*100 -> 106.87667 | H32: ='1_Du_lieu'!F37/AVERAGE('1_Du_lieu'!$F$5:$F$67)*100 -> 103.61749 | I32: ='1_Du_lieu'!G37/AVERAGE('1_Du_lieu'!$G$5:$G$67)*100 -> 117.83681 | J32: ='1_Du_lieu'!H37/AVERAGE('1_Du_lieu'!$H$5:$H$67)*100 -> 80.892693 | K32: ='1_Du_lieu'!D37 -> 1
A33: Nghệ An | B33: 2017 | C33: ='1_Du_lieu'!C38 -> BTB&DHMT | D33: =IF(B33<=2020,"2017–2020","2021–2024") -> 2017–2020 | E33: ='1_Du_lieu'!E38 -> 30.7 | F33: =AVERAGE('1_Du_lieu'!$E$5:$E$67) -> 31.157407 | G33: =E33/F33*100 -> 98.531947 | H33: ='1_Du_lieu'!F38/AVERAGE('1_Du_lieu'!$F$5:$F$67)*100 -> 83.799937 | I33: ='1_Du_lieu'!G38/AVERAGE('1_Du_lieu'!$G$5:$G$67)*100 -> 88.560586 | J33: ='1_Du_lieu'!H38/AVERAGE('1_Du_lieu'!$H$5:$H$67)*100 -> 110.60838 | K33: ='1_Du_lieu'!D38 -> 0
A34: Ninh Bình | B34: 2017 | C34: ='1_Du_lieu'!C39 -> ĐBSH | D34: =IF(B34<=2020,"2017–2020","2021–2024") -> 2017–2020 | E34: ='1_Du_lieu'!E39 -> 29.6 | F34: =AVERAGE('1_Du_lieu'!$E$5:$E$67) -> 31.157407 | G34: =E34/F34*100 -> 95.001486 | H34: ='1_Du_lieu'!F39/AVERAGE('1_Du_lieu'!$F$5:$F$67)*100 -> 75.3067 | I34: ='1_Du_lieu'!G39/AVERAGE('1_Du_lieu'!$G$5:$G$67)*100 -> 98.319328 | J34: ='1_Du_lieu'!H39/AVERAGE('1_Du_lieu'!$H$5:$H$67)*100 -> 91.210639 | K34: ='1_Du_lieu'!D39 -> 1
A35: Ninh Thuận | B35: 2017 | C35: ='1_Du_lieu'!C40 -> BTB&DHMT | D35: =IF(B35<=2020,"2017–2020","2021–2024") -> 2017–2020 | E35: ='1_Du_lieu'!E40 -> 25.3 | F35: =AVERAGE('1_Du_lieu'!$E$5:$E$67) -> 31.157407 | G35: =E35/F35*100 -> 81.200594 | H35: ='1_Du_lieu'!F40/AVERAGE('1_Du_lieu'!$F$5:$F$67)*100 -> 61.151305 | I35: ='1_Du_lieu'!G40/AVERAGE('1_Du_lieu'!$G$5:$G$67)*100 -> 95.635674 | J35: ='1_Du_lieu'!H40/AVERAGE('1_Du_lieu'!$H$5:$H$67)*100 -> 78.003669 | K35: ='1_Du_lieu'!D40 -> 0
A36: Phú Thọ | B36: 2017 | C36: ='1_Du_lieu'!C41 -> TDMNPB | D36: =IF(B36<=2020,"2017–2020","2021–2024") -> 2017–2020 | E36: ='1_Du_lieu'!E41 -> 28.5 | F36: =AVERAGE('1_Du_lieu'!$E$5:$E$67) -> 31.157407 | G36: =E36/F36*100 -> 91.471025 | H36: ='1_Du_lieu'!F41/AVERAGE('1_Du_lieu'!$F$5:$F$67)*100 -> 74.740484 | I36: ='1_Du_lieu'!G41/AVERAGE('1_Du_lieu'!$G$5:$G$67)*100 -> 93.195988 | J36: ='1_Du_lieu'!H41/AVERAGE('1_Du_lieu'!$H$5:$H$67)*100 -> 97.814124 | K36: ='1_Du_lieu'!D41 -> 0
A37: Phú Yên | B37: 2017 | C37: ='1_Du_lieu'!C42 -> BTB&DHMT | D37: =IF(B37<=2020,"2017–2020","2021–2024") -> 2017–2020 | E37: ='1_Du_lieu'!E42 -> 25.4 | F37: =AVERAGE('1_Du_lieu'!$E$5:$E$67) -> 31.157407 | G37: =E37/F37*100 -> 81.521545 | H37: ='1_Du_lieu'!F42/AVERAGE('1_Du_lieu'!$F$5:$F$67)*100 -> 70.776974 | I37: ='1_Du_lieu'!G42/AVERAGE('1_Du_lieu'!$G$5:$G$67)*100 -> 90.268365 | J37: ='1_Du_lieu'!H42/AVERAGE('1_Du_lieu'!$H$5:$H$67)*100 -> 76.765515 | K37: ='1_Du_lieu'!D42 -> 0
A38: Quảng Bình | B38: 2017 | C38: ='1_Du_lieu'!C43 -> BTB&DHMT | D38: =IF(B38<=2020,"2017–2020","2021–2024") -> 2017–2020 | E38: ='1_Du_lieu'!E43 -> 25.3 | F38: =AVERAGE('1_Du_lieu'!$E$5:$E$67) -> 31.157407 | G38: =E38/F38*100 -> 81.200594 | H38: ='1_Du_lieu'!F43/AVERAGE('1_Du_lieu'!$F$5:$F$67)*100 -> 82.10129 | I38: ='1_Du_lieu'!G43/AVERAGE('1_Du_lieu'!$G$5:$G$67)*100 -> 79.28978 | J38: ='1_Du_lieu'!H43/AVERAGE('1_Du_lieu'!$H$5:$H$67)*100 -> 85.019872 | K38: ='1_Du_lieu'!D43 -> 0
A39: Quảng Nam | B39: 2017 | C39: ='1_Du_lieu'!C44 -> BTB&DHMT | D39: =IF(B39<=2020,"2017–2020","2021–2024") -> 2017–2020 | E39: ='1_Du_lieu'!E44 -> 29.2 | F39: =AVERAGE('1_Du_lieu'!$E$5:$E$67) -> 31.157407 | G39: =E39/F39*100 -> 93.717682 | H39: ='1_Du_lieu'!F44/AVERAGE('1_Du_lieu'!$F$5:$F$67)*100 -> 95.690469 | I39: ='1_Du_lieu'!G44/AVERAGE('1_Du_lieu'!$G$5:$G$67)*100 -> 89.53646 | J39: ='1_Du_lieu'!H44/AVERAGE('1_Du_lieu'!$H$5:$H$67)*100 -> 96.988688 | K39: ='1_Du_lieu'!D44 -> 0
... A42: Quảng Trị | B42: 2017 | C42: ='1_Du_lieu'!C47 -> BTB&DHMT | D42: =IF(B42<=2020,"2017–2020","2021–2024") -> 2017–2020 | E42: ='1_Du_lieu'!E47 -> 25.7 | F42: =AVERAGE('1_Du_lieu'!$E$5:$E$67) -> 31.157407 | G42: =E42/F42*100 -> 82.484398 | H42: ='1_Du_lieu'!F47/AVERAGE('1_Du_lieu'!$F$5:$F$67)*100 -> 77.571563 | I42: ='1_Du_lieu'!G47/AVERAGE('1_Du_lieu'!$G$5:$G$67)*100 -> 75.874221 | J42: ='1_Du_lieu'!H47/AVERAGE('1_Du_lieu'!$H$5:$H$67)*100 -> 103.59217 | K42: ='1_Du_lieu'!D47 -> 0
A43: TP. Hồ Chí Minh | B43: 2017 | C43: ='1_Du_lieu'!C50 -> ĐNB | D43: =IF(B43<=2020,"2017–2020","2021–2024") -> 2017–2020 | E43: ='1_Du_lieu'!E50 -> 78.6 | F43: =AVERAGE('1_Du_lieu'!$E$5:$E$67) -> 31.157407 | G43: =E43/F43*100 -> 252.26746 | H43: ='1_Du_lieu'!F50/AVERAGE('1_Du_lieu'!$F$5:$F$67)*100 -> 484.1145 | I43: ='1_Du_lieu'!G50/AVERAGE('1_Du_lieu'!$G$5:$G$67)*100 -> 176.63323 | J43: ='1_Du_lieu'!H50/AVERAGE('1_Du_lieu'!$H$5:$H$67)*100 -> 317.79272 | K43: ='1_Du_lieu'!D50 -> 1
A44: Thanh Hóa | B44: 2017 | C44: ='1_Du_lieu'!C51 -> BTB&DHMT | D44: =IF(B44<=2020,"2017–2020","2021–2024") -> 2017–2020 | E44: ='1_Du_lieu'!E51 -> 29.5 | F44: =AVERAGE('1_Du_lieu'!$E$5:$E$67) -> 31.157407 | G44: =E44/F44*100 -> 94.680535 | H44: ='1_Du_lieu'!F51/AVERAGE('1_Du_lieu'!$F$5:$F$67)*100 -> 79.836427 | I44: ='1_Du_lieu'!G51/AVERAGE('1_Du_lieu'!$G$5:$G$67)*100 -> 85.388994 | J44: ='1_Du_lieu'!H51/AVERAGE('1_Du_lieu'!$H$5:$H$67)*100 -> 111.43381 | K44: ='1_Du_lieu'!D51 -> 0
A45: Thái Bình | B45: 2017 | C45: ='1_Du_lieu'!C52 -> ĐBSH | D45: =IF(B45<=2020,"2017–2020","2021–2024") -> 2017–2020 | E45: ='1_Du_lieu'!E52 -> 28.3 | F45: =AVERAGE('1_Du_lieu'!$E$5:$E$67) -> 31.157407 | G45: =E45/F45*100 -> 90.829123 | H45: ='1_Du_lieu'!F52/AVERAGE('1_Du_lieu'!$F$5:$F$67)*100 -> 89.462095 | I45: ='1_Du_lieu'!G52/AVERAGE('1_Du_lieu'!$G$5:$G$67)*100 -> 100.51504 | J45: ='1_Du_lieu'!H52/AVERAGE('1_Du_lieu'!$H$5:$H$67)*100 -> 62.733109 | K45: ='1_Du_lieu'!D52 -> 1
A46: Thái Nguyên | B46: 2017 | C46: ='1_Du_lieu'!C53 -> TDMNPB | D46: =IF(B46<=2020,"2017–2020","2021–2024") -> 2017–2020 | E46: ='1_Du_lieu'!E53 -> 25.2 | F46: =AVERAGE('1_Du_lieu'!$E$5:$E$67) -> 31.157407 | G46: =E46/F46*100 -> 80.879643 | H46: ='1_Du_lieu'!F53/AVERAGE('1_Du_lieu'!$F$5:$F$67)*100 -> 58.886442 | I46: ='1_Du_lieu'!G53/AVERAGE('1_Du_lieu'!$G$5:$G$67)*100 -> 81.485497 | J46: ='1_Du_lieu'!H53/AVERAGE('1_Du_lieu'!$H$5:$H$67)*100 -> 82.543565 | K46: ='1_Du_lieu'!D53 -> 0
A47: Thừa Thiên Huế | B47: 2017 | C47: ='1_Du_lieu'!C54 -> BTB&DHMT | D47: =IF(B47<=2020,"2017–2020","2021–2024") -> 2017–2020 | E47: ='1_Du_lieu'!E54 -> 32.3 | F47: =AVERAGE('1_Du_lieu'!$E$5:$E$67) -> 31.157407 | G47: =E47/F47*100 -> 103.66716 | H47: ='1_Du_lieu'!F54/AVERAGE('1_Du_lieu'!$F$5:$F$67)*100 -> 84.366153 | I47: ='1_Du_lieu'!G54/AVERAGE('1_Du_lieu'!$G$5:$G$67)*100 -> 105.39442 | J47: ='1_Du_lieu'!H54/AVERAGE('1_Du_lieu'!$H$5:$H$67)*100 -> 114.32284 | K47: ='1_Du_lieu'!D54 -> 0
A48: Tiền Giang | B48: 2017 | C48: ='1_Du_lieu'!C55 -> ĐBSCL | D48: =IF(B48<=2020,"2017–2020","2021–2024") -> 2017–2020 | E48: ='1_Du_lieu'!E55 -> 27 | F48: =AVERAGE('1_Du_lieu'!$E$5:$E$67) -> 31.157407 | G48: =E48/F48*100 -> 86.656761 | H48: ='1_Du_lieu'!F55/AVERAGE('1_Du_lieu'!$F$5:$F$67)*100 -> 67.945895 | I48: ='1_Du_lieu'!G55/AVERAGE('1_Du_lieu'!$G$5:$G$67)*100 -> 87.82868 | J48: ='1_Du_lieu'!H55/AVERAGE('1_Du_lieu'!$H$5:$H$67)*100 -> 84.194436 | K48: ='1_Du_lieu'!D55 -> 0
A49: Trà Vinh | B49: 2017 | C49: ='1_Du_lieu'!C56 -> ĐBSCL | D49: =IF(B49<=2020,"2017–2020","2021–2024") -> 2017–2020 | E49: ='1_Du_lieu'!E56 -> 26 | F49: =AVERAGE('1_Du_lieu'!$E$5:$E$67) -> 31.157407 | G49: =E49/F49*100 -> 83.447251 | H49: ='1_Du_lieu'!F56/AVERAGE('1_Du_lieu'!$F$5:$F$67)*100 -> 71.909405 | I49: ='1_Du_lieu'!G56/AVERAGE('1_Du_lieu'!$G$5:$G$67)*100 -> 92.220114 | J49: ='1_Du_lieu'!H56/AVERAGE('1_Du_lieu'!$H$5:$H$67)*100 -> 67.685723 | K49: ='1_Du_lieu'!D56 -> 0
A50: Tuyên Quang | B50: 2017 | C50: ='1_Du_lieu'!C57 -> TDMNPB | D50: =IF(B50<=2020,"2017–2020","2021–2024") -> 2017–2020 | E50: ='1_Du_lieu'!E57 -> 23.2 | F50: =AVERAGE('1_Du_lieu'!$E$5:$E$67) -> 31.157407 | G50: =E50/F50*100 -> 74.460624 | H50: ='1_Du_lieu'!F57/AVERAGE('1_Du_lieu'!$F$5:$F$67)*100 -> 68.512111 | I50: ='1_Du_lieu'!G57/AVERAGE('1_Du_lieu'!$G$5:$G$67)*100 -> 77.094063 | J50: ='1_Du_lieu'!H57/AVERAGE('1_Du_lieu'!$H$5:$H$67)*100 -> 57.367777 | K50: ='1_Du_lieu'!D57 -> 0
A51: Tây Ninh | B51: 2017 | C51: ='1_Du_lieu'!C58 -> ĐNB | D51: =IF(B51<=2020,"2017–2020","2021–2024") -> 2017–2020 | E51: ='1_Du_lieu'!E58 -> 30.8 | F51: =AVERAGE('1_Du_lieu'!$E$5:$E$67) -> 31.157407 | G51: =E51/F51*100 -> 98.852897 | H51: ='1_Du_lieu'!F58/AVERAGE('1_Du_lieu'!$F$5:$F$67)*100 -> 71.909405 | I51: ='1_Du_lieu'!G58/AVERAGE('1_Du_lieu'!$G$5:$G$67)*100 -> 111.24966 | J51: ='1_Du_lieu'!H58/AVERAGE('1_Du_lieu'!$H$5:$H$67)*100 -> 89.972485 | K51: ='1_Du_lieu'!D58 -> 1
A52: Vĩnh Phúc | B52: 2017 | C52: ='1_Du_lieu'!C60 -> ĐBSH | D52: =IF(B52<=2020,"2017–2020","2021–2024") -> 2017–2020 | E52: ='1_Du_lieu'!E60 -> 33.5 | F52: =AVERAGE('1_Du_lieu'!$E$5:$E$67) -> 31.157407 | G52: =E52/F52*100 -> 107.51857 | H52: ='1_Du_lieu'!F60/AVERAGE('1_Du_lieu'!$F$5:$F$67)*100 -> 86.631016 | I52: ='1_Du_lieu'!G60/AVERAGE('1_Du_lieu'!$G$5:$G$67)*100 -> 121.49634 | J52: ='1_Du_lieu'!H60/AVERAGE('1_Du_lieu'!$H$5:$H$67)*100 -> 93.274228 | K52: ='1_Du_lieu'!D60 -> 1
A53: Yên Bái | B53: 2017 | C53: ='1_Du_lieu'!C61 -> TDMNPB | D53: =IF(B53<=2020,"2017–2020","2021–2024") -> 2017–2020 | E53: ='1_Du_lieu'!E61 -> 23.7 | F53: =AVERAGE('1_Du_lieu'!$E$5:$E$67) -> 31.157407 | G53: =E53/F53*100 -> 76.065379 | H53: ='1_Du_lieu'!F61/AVERAGE('1_Du_lieu'!$F$5:$F$67)*100 -> 65.114816 | I53: ='1_Du_lieu'!G61/AVERAGE('1_Du_lieu'!$G$5:$G$67)*100 -> 77.582001 | J53: ='1_Du_lieu'!H61/AVERAGE('1_Du_lieu'!$H$5:$H$67)*100 -> 78.416386 | K53: ='1_Du_lieu'!D61 -> 0
A54: Đà Nẵng | B54: 2017 | C54: ='1_Du_lieu'!C63 -> BTB&DHMT | D54: =IF(B54<=2020,"2017–2020","2021–2024") -> 2017–2020 | E54: ='1_Du_lieu'!E63 -> 52.8 | F54: =AVERAGE('1_Du_lieu'!$E$5:$E$67) -> 31.157407 | G54: =E54/F54*100 -> 169.46211 | H54: ='1_Du_lieu'!F63/AVERAGE('1_Du_lieu'!$F$5:$F$67)*100 -> 214.59578 | I54: ='1_Du_lieu'!G63/AVERAGE('1_Du_lieu'!$G$5:$G$67)*100 -> 147.84494 | J54: ='1_Du_lieu'!H63/AVERAGE('1_Du_lieu'!$H$5:$H$67)*100 -> 208.00978 | K54: ='1_Du_lieu'!D63 -> 0
A55: Đắk Lắk | B55: 2017 | C55: ='1_Du_lieu'!C64 -> TN | D55: =IF(B55<=2020,"2017–2020","2021–2024") -> 2017–2020 | E55: ='1_Du_lieu'!E64 -> 28.1 | F55: =AVERAGE('1_Du_lieu'!$E$5:$E$67) -> 31.157407 | G55: =E55/F55*100 -> 90.187221 | H55: ='1_Du_lieu'!F64/AVERAGE('1_Du_lieu'!$F$5:$F$67)*100 -> 67.379679 | I55: ='1_Du_lieu'!G64/AVERAGE('1_Du_lieu'!$G$5:$G$67)*100 -> 100.27108 | J55: ='1_Du_lieu'!H64/AVERAGE('1_Du_lieu'!$H$5:$H$67)*100 -> 66.860287 | K55: ='1_Du_lieu'!D64 -> 0
A56: Đắk Nông | B56: 2017 | C56: ='1_Du_lieu'!C65 -> TN | D56: =IF(B56<=2020,"2017–2020","2021–2024") -> 2017–2020 | E56: ='1_Du_lieu'!E65 -> 24.2 | F56: =AVERAGE('1_Du_lieu'!$E$5:$E$67) -> 31.157407 | G56: =E56/F56*100 -> 77.670134 | H56: ='1_Du_lieu'!F65/AVERAGE('1_Du_lieu'!$F$5:$F$67)*100 -> 70.210758 | I56: ='1_Du_lieu'!G65/AVERAGE('1_Du_lieu'!$G$5:$G$67)*100 -> 68.311195 | J56: ='1_Du_lieu'!H65/AVERAGE('1_Du_lieu'!$H$5:$H$67)*100 -> 83.781718 | K56: ='1_Du_lieu'!D65 -> 0
A57: Đồng Nai | B57: 2017 | C57: ='1_Du_lieu'!C66 -> ĐNB | D57: =IF(B57<=2020,"2017–2020","2021–2024") -> 2017–2020 | E57: ='1_Du_lieu'!E66 -> 36.7 | F57: =AVERAGE('1_Du_lieu'!$E$5:$E$67) -> 31.157407 | G57: =E57/F57*100 -> 117.789 | H57: ='1_Du_lieu'!F66/AVERAGE('1_Du_lieu'!$F$5:$F$67)*100 -> 103.61749 | I57: ='1_Du_lieu'!G66/AVERAGE('1_Du_lieu'!$G$5:$G$67)*100 -> 138.57414 | J57: ='1_Du_lieu'!H66/AVERAGE('1_Du_lieu'!$H$5:$H$67)*100 -> 96.575971 | K57: ='1_Du_lieu'!D66 -> 1
A58: Đồng Tháp | B58: 2017 | C58: ='1_Du_lieu'!C67 -> ĐBSCL | D58: =IF(B58<=2020,"2017–2020","2021–2024") -> 2017–2020 | E58: ='1_Du_lieu'!E67 -> 26.9 | F58: =AVERAGE('1_Du_lieu'!$E$5:$E$67) -> 31.157407 | G58: =E58/F58*100 -> 86.33581 | H58: ='1_Du_lieu'!F67/AVERAGE('1_Du_lieu'!$F$5:$F$67)*100 -> 63.416169 | I58: ='1_Du_lieu'!G67/AVERAGE('1_Du_lieu'!$G$5:$G$67)*100 -> 94.903768 | J58: ='1_Du_lieu'!H67/AVERAGE('1_Du_lieu'!$H$5:$H$67)*100 -> 69.336594 | K58: ='1_Du_lieu'!D67 -> 0
A59: An Giang | B59: 2018 | C59: ='1_Du_lieu'!C68 -> ĐBSCL | D59: =IF(B59<=2020,"2017–2020","2021–2024") -> 2017–2020 | E59: ='1_Du_lieu'!E68 -> 32.5 | F59: =AVERAGE('1_Du_lieu'!$E$68:$E$130) -> 37.527778 | G59: =E59/F59*100 -> 86.602517 | H59: ='1_Du_lieu'!F68/AVERAGE('1_Du_lieu'!$F$68:$F$130)*100 -> 87.388228 | I59: ='1_Du_lieu'!G68/AVERAGE('1_Du_lieu'!$G$68:$G$130)*100 -> 102.33614 | J59: ='1_Du_lieu'!H68/AVERAGE('1_Du_lieu'!$H$68:$H$130)*100 -> 57.88835 | K59: ='1_Du_lieu'!D68 -> 0
A60: Bà Rịa - Vũng Tàu | B60: 2018 | C60: ='1_Du_lieu'!C69 -> ĐNB | D60: =IF(B60<=2020,"2017–2020","2021–2024") -> 2017–2020 | E60: ='1_Du_lieu'!E69 -> 44.4 | F60: =AVERAGE('1_Du_lieu'!$E$68:$E$130) -> 37.527778 | G60: =E60/F60*100 -> 118.31236 | H60: ='1_Du_lieu'!F69/AVERAGE('1_Du_lieu'!$F$68:$F$130)*100 -> 103.68095 | I60: ='1_Du_lieu'!G69/AVERAGE('1_Du_lieu'!$G$68:$G$130)*100 -> 136.76259 | J60: ='1_Du_lieu'!H69/AVERAGE('1_Du_lieu'!$H$68:$H$130)*100 -> 115.7767 | K60: ='1_Du_lieu'!D69 -> 1
A61: Bình Dương | B61: 2018 | C61: ='1_Du_lieu'!C70 -> ĐNB | D61: =IF(B61<=2020,"2017–2020","2021–2024") -> 2017–2020 | E61: ='1_Du_lieu'!E70 -> 50.4 | F61: =AVERAGE('1_Du_lieu'!$E$68:$E$130) -> 37.527778 | G61: =E61/F61*100 -> 134.30052 | H61: ='1_Du_lieu'!F70/AVERAGE('1_Du_lieu'!$F$68:$F$130)*100 -> 115.5302 | I61: ='1_Du_lieu'!G70/AVERAGE('1_Du_lieu'!$G$68:$G$130)*100 -> 162.93612 | J61: ='1_Du_lieu'!H70/AVERAGE('1_Du_lieu'!$H$68:$H$130)*100 -> 132.16019 | K61: ='1_Du_lieu'!D70 -> 1
A62: Bình Phước | B62: 2018 | C62: ='1_Du_lieu'!C71 -> ĐNB | D62: =IF(B62<=2020,"2017–2020","2021–2024") -> 2017–2020 | E62: ='1_Du_lieu'!E71 -> 27.8 | F62: =AVERAGE('1_Du_lieu'!$E$68:$E$130) -> 37.527778 | G62: =E62/F62*100 -> 74.07846 | H62: ='1_Du_lieu'!F71/AVERAGE('1_Du_lieu'!$F$68:$F$130)*100 -> 72.280432 | I62: ='1_Du_lieu'!G71/AVERAGE('1_Du_lieu'!$G$68:$G$130)*100 -> 67.438103 | J62: ='1_Du_lieu'!H71/AVERAGE('1_Du_lieu'!$H$68:$H$130)*100 -> 66.262136 | K62: ='1_Du_lieu'!D71 -> 1
A63: Bình Thuận | B63: 2018 | C63: ='1_Du_lieu'!C72 -> BTB&DHMT | D63: =IF(B63<=2020,"2017–2020","2021–2024") -> 2017–2020 | E63: ='1_Du_lieu'!E72 -> 34.4 | F63: =AVERAGE('1_Du_lieu'!$E$68:$E$130) -> 37.527778 | G63: =E63/F63*100 -> 91.665433 | H63: ='1_Du_lieu'!F72/AVERAGE('1_Du_lieu'!$F$68:$F$130)*100 -> 93.609084 | I63: ='1_Du_lieu'!G72/AVERAGE('1_Du_lieu'!$G$68:$G$130)*100 -> 93.84743 | J63: ='1_Du_lieu'!H72/AVERAGE('1_Du_lieu'!$H$68:$H$130)*100 -> 82.645631 | K63: ='1_Du_lieu'!D72 -> 0
A64: Bình Định | B64: 2018 | C64: ='1_Du_lieu'!C73 -> BTB&DHMT | D64: =IF(B64<=2020,"2017–2020","2021–2024") -> 2017–2020 | E64: ='1_Du_lieu'!E73 -> 36.8 | F64: =AVERAGE('1_Du_lieu'!$E$68:$E$130) -> 37.527778 | G64: =E64/F64*100 -> 98.060696 | H64: ='1_Du_lieu'!F73/AVERAGE('1_Du_lieu'!$F$68:$F$130)*100 -> 97.756322 | I64: ='1_Du_lieu'!G73/AVERAGE('1_Du_lieu'!$G$68:$G$130)*100 -> 94.554823 | J64: ='1_Du_lieu'!H73/AVERAGE('1_Du_lieu'!$H$68:$H$130)*100 -> 95.024272 | K64: ='1_Du_lieu'!D73 -> 0
A65: Bắc Giang | B65: 2018 | C65: ='1_Du_lieu'!C75 -> TDMNPB | D65: =IF(B65<=2020,"2017–2020","2021–2024") -> 2017–2020 | E65: ='1_Du_lieu'!E75 -> 40.8 | F65: =AVERAGE('1_Du_lieu'!$E$68:$E$130) -> 37.527778 | G65: =E65/F65*100 -> 108.71947 | H65: ='1_Du_lieu'!F75/AVERAGE('1_Du_lieu'!$F$68:$F$130)*100 -> 103.68095 | I65: ='1_Du_lieu'!G75/AVERAGE('1_Du_lieu'!$G$68:$G$130)*100 -> 100.44976 | J65: ='1_Du_lieu'!H75/AVERAGE('1_Du_lieu'!$H$68:$H$130)*100 -> 129.61165 | K65: ='1_Du_lieu'!D75 -> 0
A66: Bắc Kạn | B66: 2018 | C66: ='1_Du_lieu'!C76 -> TDMNPB | D66: =IF(B66<=2020,"2017–2020","2021–2024") -> 2017–2020 | E66: ='1_Du_lieu'!E76 -> 26 | F66: =AVERAGE('1_Du_lieu'!$E$68:$E$130) -> 37.527778 | G66: =E66/F66*100 -> 69.282013 | H66: ='1_Du_lieu'!F76/AVERAGE('1_Du_lieu'!$F$68:$F$130)*100 -> 66.948269 | I66: ='1_Du_lieu'!G76/AVERAGE('1_Du_lieu'!$G$68:$G$130)*100 -> 55.412427 | J66: ='1_Du_lieu'!H76/AVERAGE('1_Du_lieu'!$H$68:$H$130)*100 -> 72.451456 | K66: ='1_Du_lieu'!D76 -> 0
A67: Bắc Ninh | B67: 2018 | C67: ='1_Du_lieu'!C77 -> ĐBSH | D67: =IF(B67<=2020,"2017–2020","2021–2024") -> 2017–2020 | E67: ='1_Du_lieu'!E77 -> 46.3 | F67: =AVERAGE('1_Du_lieu'!$E$68:$E$130) -> 37.527778 | G67: =E67/F67*100 -> 123.37528 | H67: ='1_Du_lieu'!F77/AVERAGE('1_Du_lieu'!$F$68:$F$130)*100 -> 118.49251 | I67: ='1_Du_lieu'!G77/AVERAGE('1_Du_lieu'!$G$68:$G$130)*100 -> 148.55246 | J67: ='1_Du_lieu'!H77/AVERAGE('1_Du_lieu'!$H$68:$H$130)*100 -> 92.839806 | K67: ='1_Du_lieu'!D77 -> 1
A68: Bến Tre | B68: 2018 | C68: ='1_Du_lieu'!C78 -> ĐBSCL | D68: =IF(B68<=2020,"2017–2020","2021–2024") -> 2017–2020 | E68: ='1_Du_lieu'!E78 -> 35.6 | F68: =AVERAGE('1_Du_lieu'!$E$68:$E$130) -> 37.527778 | G68: =E68/F68*100 -> 94.863064 | H68: ='1_Du_lieu'!F78/AVERAGE('1_Du_lieu'!$F$68:$F$130)*100 -> 98.348785 | I68: ='1_Du_lieu'!G78/AVERAGE('1_Du_lieu'!$G$68:$G$130)*100 -> 92.196847 | J68: ='1_Du_lieu'!H78/AVERAGE('1_Du_lieu'!$H$68:$H$130)*100 -> 91.747573 | K68: ='1_Du_lieu'!D78 -> 0
A69: Cần Thơ | B69: 2018 | C69: ='1_Du_lieu'!C81 -> ĐBSCL | D69: =IF(B69<=2020,"2017–2020","2021–2024") -> 2017–2020 | E69: ='1_Du_lieu'!E81 -> 41.1 | F69: =AVERAGE('1_Du_lieu'!$E$68:$E$130) -> 37.527778 | G69: =E69/F69*100 -> 109.51887 | H69: ='1_Du_lieu'!F81/AVERAGE('1_Du_lieu'!$F$68:$F$130)*100 -> 112.56789 | I69: ='1_Du_lieu'!G81/AVERAGE('1_Du_lieu'!$G$68:$G$130)*100 -> 115.7766 | J69: ='1_Du_lieu'!H81/AVERAGE('1_Du_lieu'!$H$68:$H$130)*100 -> 95.38835 | K69: ='1_Du_lieu'!D81 -> 0
A70: Gia Lai | B70: 2018 | C70: ='1_Du_lieu'!C82 -> TN | D70: =IF(B70<=2020,"2017–2020","2021–2024") -> 2017–2020 | E70: ='1_Du_lieu'!E82 -> 30.1 | F70: =AVERAGE('1_Du_lieu'!$E$68:$E$130) -> 37.527778 | G70: =E70/F70*100 -> 80.207254 | H70: ='1_Du_lieu'!F82/AVERAGE('1_Du_lieu'!$F$68:$F$130)*100 -> 61.616106 | I70: ='1_Du_lieu'!G82/AVERAGE('1_Du_lieu'!$G$68:$G$130)*100 -> 84.415528 | J70: ='1_Du_lieu'!H82/AVERAGE('1_Du_lieu'!$H$68:$H$130)*100 -> 72.815534 | K70: ='1_Du_lieu'!D82 -> 0
A71: Hà Nam | B71: 2018 | C71: ='1_Du_lieu'!C84 -> ĐBSH | D71: =IF(B71<=2020,"2017–2020","2021–2024") -> 2017–2020 | E71: ='1_Du_lieu'!E84 -> 35 | F71: =AVERAGE('1_Du_lieu'!$E$68:$E$130) -> 37.527778 | G71: =E71/F71*100 -> 93.264249 | H71: ='1_Du_lieu'!F84/AVERAGE('1_Du_lieu'!$F$68:$F$130)*100 -> 104.86587 | I71: ='1_Du_lieu'!G84/AVERAGE('1_Du_lieu'!$G$68:$G$130)*100 -> 99.506572 | J71: ='1_Du_lieu'!H84/AVERAGE('1_Du_lieu'!$H$68:$H$130)*100 -> 91.019417 | K71: ='1_Du_lieu'!D84 -> 1
A72: Hà Nội | B72: 2018 | C72: ='1_Du_lieu'!C85 -> ĐBSH | D72: =IF(B72<=2020,"2017–2020","2021–2024") -> 2017–2020 | E72: ='1_Du_lieu'!E85 -> 79.8 | F72: =AVERAGE('1_Du_lieu'!$E$68:$E$130) -> 37.527778 | G72: =E72/F72*100 -> 212.64249 | H72: ='1_Du_lieu'!F85/AVERAGE('1_Du_lieu'!$F$68:$F$130)*100 -> 249.42674 | I72: ='1_Du_lieu'!G85/AVERAGE('1_Du_lieu'!$G$68:$G$130)*100 -> 187.22327 | J72: ='1_Du_lieu'!H85/AVERAGE('1_Du_lieu'!$H$68:$H$130)*100 -> 286.16505 | K72: ='1_Du_lieu'!D85 -> 1
A73: Hà Tĩnh | B73: 2018 | C73: ='1_Du_lieu'!C86 -> BTB&DHMT | D73: =IF(B73<=2020,"2017–2020","2021–2024") -> 2017–2020 | E73: ='1_Du_lieu'!E86 -> 33.7 | F73: =AVERAGE('1_Du_lieu'!$E$68:$E$130) -> 37.527778 | G73: =E73/F73*100 -> 89.800148 | H73: ='1_Du_lieu'!F86/AVERAGE('1_Du_lieu'!$F$68:$F$130)*100 -> 95.978935 | I73: ='1_Du_lieu'!G86/AVERAGE('1_Du_lieu'!$G$68:$G$130)*100 -> 77.341601 | J73: ='1_Du_lieu'!H86/AVERAGE('1_Du_lieu'!$H$68:$H$130)*100 -> 104.49029 | K73: ='1_Du_lieu'!D86 -> 0
A74: Hòa Bình | B74: 2018 | C74: ='1_Du_lieu'!C87 -> TDMNPB | D74: =IF(B74<=2020,"2017–2020","2021–2024") -> 2017–2020 | E74: ='1_Du_lieu'!E87 -> 31.1 | F74: =AVERAGE('1_Du_lieu'!$E$68:$E$130) -> 37.527778 | G74: =E74/F74*100 -> 82.871947 | H74: ='1_Du_lieu'!F87/AVERAGE('1_Du_lieu'!$F$68:$F$130)*100 -> 83.833452 | I74: ='1_Du_lieu'!G87/AVERAGE('1_Du_lieu'!$G$68:$G$130)*100 -> 75.691018 | J74: ='1_Du_lieu'!H87/AVERAGE('1_Du_lieu'!$H$68:$H$130)*100 -> 79.73301 | K74: ='1_Du_lieu'!D87 -> 0
A75: Hưng Yên | B75: 2018 | C75: ='1_Du_lieu'!C88 -> ĐBSH | D75: =IF(B75<=2020,"2017–2020","2021–2024") -> 2017–2020 | E75: ='1_Du_lieu'!E88 -> 34.7 | F75: =AVERAGE('1_Du_lieu'!$E$68:$E$130) -> 37.527778 | G75: =E75/F75*100 -> 92.464841 | H75: ='1_Du_lieu'!F88/AVERAGE('1_Du_lieu'!$F$68:$F$130)*100 -> 95.386472 | I75: ='1_Du_lieu'!G88/AVERAGE('1_Du_lieu'!$G$68:$G$130)*100 -> 90.310467 | J75: ='1_Du_lieu'!H88/AVERAGE('1_Du_lieu'!$H$68:$H$130)*100 -> 87.378641 | K75: ='1_Du_lieu'!D88 -> 1
A76: Hải Dương | B76: 2018 | C76: ='1_Du_lieu'!C89 -> ĐBSH | D76: =IF(B76<=2020,"2017–2020","2021–2024") -> 2017–2020 | E76: ='1_Du_lieu'!E89 -> 43.1 | F76: =AVERAGE('1_Du_lieu'!$E$68:$E$130) -> 37.527778 | G76: =E76/F76*100 -> 114.84826 | H76: ='1_Du_lieu'!F89/AVERAGE('1_Du_lieu'!$F$68:$F$130)*100 -> 103.97718 | I76: ='1_Du_lieu'!G89/AVERAGE('1_Du_lieu'!$G$68:$G$130)*100 -> 133.22562 | J76: ='1_Du_lieu'!H89/AVERAGE('1_Du_lieu'!$H$68:$H$130)*100 -> 94.660194 | K76: ='1_Du_lieu'!D89 -> 1
A77: Hải Phòng | B77: 2018 | C77: ='1_Du_lieu'!C90 -> ĐBSH | D77: =IF(B77<=2020,"2017–2020","2021–2024") -> 2017–2020 | E77: ='1_Du_lieu'!E90 -> 54.9 | F77: =AVERAGE('1_Du_lieu'!$E$68:$E$130) -> 37.527778 | G77: =E77/F77*100 -> 146.29164 | H77: ='1_Du_lieu'!F90/AVERAGE('1_Du_lieu'!$F$68:$F$130)*100 -> 121.45482 | I77: ='1_Du_lieu'!G90/AVERAGE('1_Du_lieu'!$G$68:$G$130)*100 -> 158.45596 | J77: ='1_Du_lieu'!H90/AVERAGE('1_Du_lieu'!$H$68:$H$130)*100 -> 164.19903 | K77: ='1_Du_lieu'!D90 -> 1
A78: Khánh Hòa | B78: 2018 | C78: ='1_Du_lieu'!C92 -> BTB&DHMT | D78: =IF(B78<=2020,"2017–2020","2021–2024") -> 2017–2020 | E78: ='1_Du_lieu'!E92 -> 40.3 | F78: =AVERAGE('1_Du_lieu'!$E$68:$E$130) -> 37.527778 | G78: =E78/F78*100 -> 107.38712 | H78: ='1_Du_lieu'!F92/AVERAGE('1_Du_lieu'!$F$68:$F$130)*100 -> 106.64326 | I78: ='1_Du_lieu'!G92/AVERAGE('1_Du_lieu'!$G$68:$G$130)*100 -> 114.36182 | J78: ='1_Du_lieu'!H92/AVERAGE('1_Du_lieu'!$H$68:$H$130)*100 -> 118.32524 | K78: ='1_Du_lieu'!D92 -> 0
A79: Kiên Giang | B79: 2018 | C79: ='1_Du_lieu'!C93 -> ĐBSCL | D79: =IF(B79<=2020,"2017–2020","2021–2024") -> 2017–2020 | E79: ='1_Du_lieu'!E93 -> 35.3 | F79: =AVERAGE('1_Du_lieu'!$E$68:$E$130) -> 37.527778 | G79: =E79/F79*100 -> 94.063657 | H79: ='1_Du_lieu'!F93/AVERAGE('1_Du_lieu'!$F$68:$F$130)*100 -> 88.869384 | I79: ='1_Du_lieu'!G93/AVERAGE('1_Du_lieu'!$G$68:$G$130)*100 -> 106.5805 | J79: ='1_Du_lieu'!H93/AVERAGE('1_Du_lieu'!$H$68:$H$130)*100 -> 86.286408 | K79: ='1_Du_lieu'!D93 -> 0
A80: Kon Tum | B80: 2018 | C80: ='1_Du_lieu'!C94 -> TN | D80: =IF(B80<=2020,"2017–2020","2021–2024") -> 2017–2020 | E80: ='1_Du_lieu'!E94 -> 29 | F80: =AVERAGE('1_Du_lieu'!$E$68:$E$130) -> 37.527778 | G80: =E80/F80*100 -> 77.276092 | H80: ='1_Du_lieu'!F94/AVERAGE('1_Du_lieu'!$F$68:$F$130)*100 -> 77.612595 | I80: ='1_Du_lieu'!G94/AVERAGE('1_Du_lieu'!$G$68:$G$130)*100 -> 67.673901 | J80: ='1_Du_lieu'!H94/AVERAGE('1_Du_lieu'!$H$68:$H$130)*100 -> 76.456311 | K80: ='1_Du_lieu'!D94 -> 0
A81: Long An | B81: 2018 | C81: ='1_Du_lieu'!C96 -> ĐBSCL | D81: =IF(B81<=2020,"2017–2020","2021–2024") -> 2017–2020 | E81: ='1_Du_lieu'!E96 -> 34.2 | F81: =AVERAGE('1_Du_lieu'!$E$68:$E$130) -> 37.527778 | G81: =E81/F81*100 -> 91.132494 | H81: ='1_Du_lieu'!F96/AVERAGE('1_Du_lieu'!$F$68:$F$130)*100 -> 84.129683 | I81: ='1_Du_lieu'!G96/AVERAGE('1_Du_lieu'!$G$68:$G$130)*100 -> 104.45832 | J81: ='1_Du_lieu'!H96/AVERAGE('1_Du_lieu'!$H$68:$H$130)*100 -> 72.815534 | K81: ='1_Du_lieu'!D96 -> 0
A82: Lào Cai | B82: 2018 | C82: ='1_Du_lieu'!C97 -> TDMNPB | D82: =IF(B82<=2020,"2017–2020","2021–2024") -> 2017–2020 | E82: ='1_Du_lieu'!E97 -> 33.7 | F82: =AVERAGE('1_Du_lieu'!$E$68:$E$130) -> 37.527778 | G82: =E82/F82*100 -> 89.800148 | H82: ='1_Du_lieu'!F97/AVERAGE('1_Du_lieu'!$F$68:$F$130)*100 -> 109.60557 | I82: ='1_Du_lieu'!G97/AVERAGE('1_Du_lieu'!$G$68:$G$130)*100 -> 72.389852 | J82: ='1_Du_lieu'!H97/AVERAGE('1_Du_lieu'!$H$68:$H$130)*100 -> 92.11165 | K82: ='1_Du_lieu'!D97 -> 0
A83: Lâm Đồng | B83: 2018 | C83: ='1_Du_lieu'!C98 -> TN | D83: =IF(B83<=2020,"2017–2020","2021–2024") -> 2017–2020 | E83: ='1_Du_lieu'!E98 -> 35.9 | F83: =AVERAGE('1_Du_lieu'!$E$68:$E$130) -> 37.527778 | G83: =E83/F83*100 -> 95.662472 | H83: ='1_Du_lieu'!F98/AVERAGE('1_Du_lieu'!$F$68:$F$130)*100 -> 93.609084 | I83: ='1_Du_lieu'!G98/AVERAGE('1_Du_lieu'!$G$68:$G$130)*100 -> 105.87311 | J83: ='1_Du_lieu'!H98/AVERAGE('1_Du_lieu'!$H$68:$H$130)*100 -> 79.368932 | K83: ='1_Du_lieu'!D98 -> 0
A84: Lạng Sơn | B84: 2018 | C84: ='1_Du_lieu'!C99 -> TDMNPB | D84: =IF(B84<=2020,"2017–2020","2021–2024") -> 2017–2020 | E84: ='1_Du_lieu'!E99 -> 27.3 | F84: =AVERAGE('1_Du_lieu'!$E$68:$E$130) -> 37.527778 | G84: =E84/F84*100 -> 72.746114 | H84: ='1_Du_lieu'!F99/AVERAGE('1_Du_lieu'!$F$68:$F$130)*100 -> 71.984201 | I84: ='1_Du_lieu'!G99/AVERAGE('1_Du_lieu'!$G$68:$G$130)*100 -> 59.185188 | J84: ='1_Du_lieu'!H99/AVERAGE('1_Du_lieu'!$H$68:$H$130)*100 -> 84.830097 | K84: ='1_Du_lieu'!D99 -> 0
A85: Nam Định | B85: 2018 | C85: ='1_Du_lieu'!C100 -> ĐBSH | D85: =IF(B85<=2020,"2017–2020","2021–2024") -> 2017–2020 | E85: ='1_Du_lieu'!E100 -> 37.8 | F85: =AVERAGE('1_Du_lieu'!$E$68:$E$130) -> 37.527778 | G85: =E85/F85*100 -> 100.72539 | H85: ='1_Du_lieu'!F100/AVERAGE('1_Du_lieu'!$F$68:$F$130)*100 -> 100.71864 | I85: ='1_Du_lieu'!G100/AVERAGE('1_Du_lieu'!$G$68:$G$130)*100 -> 108.70268 | J85: ='1_Du_lieu'!H100/AVERAGE('1_Du_lieu'!$H$68:$H$130)*100 -> 85.194175 | K85: ='1_Du_lieu'!D100 -> 1
A86: Nghệ An | B86: 2018 | C86: ='1_Du_lieu'!C101 -> BTB&DHMT | D86: =IF(B86<=2020,"2017–2020","2021–2024") -> 2017–2020 | E86: ='1_Du_lieu'!E101 -> 38 | F86: =AVERAGE('1_Du_lieu'!$E$68:$E$130) -> 37.527778 | G86: =E86/F86*100 -> 101.25833 | H86: ='1_Du_lieu'!F101/AVERAGE('1_Du_lieu'!$F$68:$F$130)*100 -> 106.93949 | I86: ='1_Du_lieu'!G101/AVERAGE('1_Du_lieu'!$G$68:$G$130)*100 -> 93.140038 | J86: ='1_Du_lieu'!H101/AVERAGE('1_Du_lieu'!$H$68:$H$130)*100 -> 102.6699 | K86: ='1_Du_lieu'!D101 -> 0
A87: Ninh Bình | B87: 2018 | C87: ='1_Du_lieu'!C102 -> ĐBSH | D87: =IF(B87<=2020,"2017–2020","2021–2024") -> 2017–2020 | E87: ='1_Du_lieu'!E102 -> 36 | F87: =AVERAGE('1_Du_lieu'!$E$68:$E$130) -> 37.527778 | G87: =E87/F87*100 -> 95.928942 | H87: ='1_Du_lieu'!F102/AVERAGE('1_Du_lieu'!$F$68:$F$130)*100 -> 94.79401 | I87: ='1_Du_lieu'!G102/AVERAGE('1_Du_lieu'!$G$68:$G$130)*100 -> 101.39295 | J87: ='1_Du_lieu'!H102/AVERAGE('1_Du_lieu'!$H$68:$H$130)*100 -> 82.645631 | K87: ='1_Du_lieu'!D102 -> 1
A88: Ninh Thuận | B88: 2018 | C88: ='1_Du_lieu'!C103 -> BTB&DHMT | D88: =IF(B88<=2020,"2017–2020","2021–2024") -> 2017–2020 | E88: ='1_Du_lieu'!E103 -> 31.6 | F88: =AVERAGE('1_Du_lieu'!$E$68:$E$130) -> 37.527778 | G88: =E88/F88*100 -> 84.204293 | H88: ='1_Du_lieu'!F103/AVERAGE('1_Du_lieu'!$F$68:$F$130)*100 -> 87.98069 | I88: ='1_Du_lieu'!G103/AVERAGE('1_Du_lieu'!$G$68:$G$130)*100 -> 95.498013 | J88: ='1_Du_lieu'!H103/AVERAGE('1_Du_lieu'!$H$68:$H$130)*100 -> 70.631068 | K88: ='1_Du_lieu'!D103 -> 0
A89: Phú Thọ | B89: 2018 | C89: ='1_Du_lieu'!C104 -> TDMNPB | D89: =IF(B89<=2020,"2017–2020","2021–2024") -> 2017–2020 | E89: ='1_Du_lieu'!E104 -> 36.7 | F89: =AVERAGE('1_Du_lieu'!$E$68:$E$130) -> 37.527778 | G89: =E89/F89*100 -> 97.794226 | H89: ='1_Du_lieu'!F104/AVERAGE('1_Du_lieu'!$F$68:$F$130)*100 -> 94.79401 | I89: ='1_Du_lieu'!G104/AVERAGE('1_Du_lieu'!$G$68:$G$130)*100 -> 90.074669 | J89: ='1_Du_lieu'!H104/AVERAGE('1_Du_lieu'!$H$68:$H$130)*100 -> 109.2233 | K89: ='1_Du_lieu'!D104 -> 0
A90: Phú Yên | B90: 2018 | C90: ='1_Du_lieu'!C105 -> BTB&DHMT | D90: =IF(B90<=2020,"2017–2020","2021–2024") -> 2017–2020 | E90: ='1_Du_lieu'!E105 -> 33.1 | F90: =AVERAGE('1_Du_lieu'!$E$68:$E$130) -> 37.527778 | G90: =E90/F90*100 -> 88.201332 | H90: ='1_Du_lieu'!F105/AVERAGE('1_Du_lieu'!$F$68:$F$130)*100 -> 107.82819 | I90: ='1_Du_lieu'!G105/AVERAGE('1_Du_lieu'!$G$68:$G$130)*100 -> 74.040435 | J90: ='1_Du_lieu'!H105/AVERAGE('1_Du_lieu'!$H$68:$H$130)*100 -> 87.378641 | K90: ='1_Du_lieu'!D105 -> 0
A91: Quảng Bình | B91: 2018 | C91: ='1_Du_lieu'!C106 -> BTB&DHMT | D91: =IF(B91<=2020,"2017–2020","2021–2024") -> 2017–2020 | E91: ='1_Du_lieu'!E106 -> 30.1 | F91: =AVERAGE('1_Du_lieu'!$E$68:$E$130) -> 37.527778 | G91: =E91/F91*100 -> 80.207254 | H91: ='1_Du_lieu'!F106/AVERAGE('1_Du_lieu'!$F$68:$F$130)*100 -> 79.982446 | I91: ='1_Du_lieu'!G106/AVERAGE('1_Du_lieu'!$G$68:$G$130)*100 -> 88.659884 | J91: ='1_Du_lieu'!H106/AVERAGE('1_Du_lieu'!$H$68:$H$130)*100 -> 66.990291 | K91: ='1_Du_lieu'!D106 -> 0
A92: Quảng Nam | B92: 2018 | C92: ='1_Du_lieu'!C107 -> BTB&DHMT | D92: =IF(B92<=2020,"2017–2020","2021–2024") -> 2017–2020 | E92: ='1_Du_lieu'!E107 -> 37.1 | F92: =AVERAGE('1_Du_lieu'!$E$68:$E$130) -> 37.527778 | G92: =E92/F92*100 -> 98.860104 | H92: ='1_Du_lieu'!F107/AVERAGE('1_Du_lieu'!$F$68:$F$130)*100 -> 98.645016 | I92: ='1_Du_lieu'!G107/AVERAGE('1_Du_lieu'!$G$68:$G$130)*100 -> 91.017859 | J92: ='1_Du_lieu'!H107/AVERAGE('1_Du_lieu'!$H$68:$H$130)*100 -> 99.757282 | K92: ='1_Du_lieu'!D107 -> 0
... A95: Quảng Trị | B95: 2018 | C95: ='1_Du_lieu'!C110 -> BTB&DHMT | D95: =IF(B95<=2020,"2017–2020","2021–2024") -> 2017–2020 | E95: ='1_Du_lieu'!E110 -> 29.1 | F95: =AVERAGE('1_Du_lieu'!$E$68:$E$130) -> 37.527778 | G95: =E95/F95*100 -> 77.542561 | H95: ='1_Du_lieu'!F110/AVERAGE('1_Du_lieu'!$F$68:$F$130)*100 -> 70.503045 | I95: ='1_Du_lieu'!G110/AVERAGE('1_Du_lieu'!$G$68:$G$130)*100 -> 71.918257 | J95: ='1_Du_lieu'!H110/AVERAGE('1_Du_lieu'!$H$68:$H$130)*100 -> 89.927184 | K95: ='1_Du_lieu'!D110 -> 0
A96: TP. Hồ Chí Minh | B96: 2018 | C96: ='1_Du_lieu'!C113 -> ĐNB | D96: =IF(B96<=2020,"2017–2020","2021–2024") -> 2017–2020 | E96: ='1_Du_lieu'!E113 -> 82.1 | F96: =AVERAGE('1_Du_lieu'!$E$68:$E$130) -> 37.527778 | G96: =E96/F96*100 -> 218.77128 | H96: ='1_Du_lieu'!F113/AVERAGE('1_Du_lieu'!$F$68:$F$130)*100 -> 244.98327 | I96: ='1_Du_lieu'!G113/AVERAGE('1_Du_lieu'!$G$68:$G$130)*100 -> 190.28863 | J96: ='1_Du_lieu'!H113/AVERAGE('1_Du_lieu'!$H$68:$H$130)*100 -> 302.54854 | K96: ='1_Du_lieu'!D113 -> 1
A97: Thanh Hóa | B97: 2018 | C97: ='1_Du_lieu'!C114 -> BTB&DHMT | D97: =IF(B97<=2020,"2017–2020","2021–2024") -> 2017–2020 | E97: ='1_Du_lieu'!E114 -> 36.4 | F97: =AVERAGE('1_Du_lieu'!$E$68:$E$130) -> 37.527778 | G97: =E97/F97*100 -> 96.994819 | H97: ='1_Du_lieu'!F114/AVERAGE('1_Du_lieu'!$F$68:$F$130)*100 -> 100.71864 | I97: ='1_Du_lieu'!G114/AVERAGE('1_Du_lieu'!$G$68:$G$130)*100 -> 91.96105 | J97: ='1_Du_lieu'!H114/AVERAGE('1_Du_lieu'!$H$68:$H$130)*100 -> 105.58252 | K97: ='1_Du_lieu'!D114 -> 0
A98: Thái Bình | B98: 2018 | C98: ='1_Du_lieu'!C115 -> ĐBSH | D98: =IF(B98<=2020,"2017–2020","2021–2024") -> 2017–2020 | E98: ='1_Du_lieu'!E115 -> 35.8 | F98: =AVERAGE('1_Du_lieu'!$E$68:$E$130) -> 37.527778 | G98: =E98/F98*100 -> 95.396003 | H98: ='1_Du_lieu'!F115/AVERAGE('1_Du_lieu'!$F$68:$F$130)*100 -> 97.756322 | I98: ='1_Du_lieu'!G115/AVERAGE('1_Du_lieu'!$G$68:$G$130)*100 -> 84.17973 | J98: ='1_Du_lieu'!H115/AVERAGE('1_Du_lieu'!$H$68:$H$130)*100 -> 105.58252 | K98: ='1_Du_lieu'!D115 -> 1
A99: Thái Nguyên | B99: 2018 | C99: ='1_Du_lieu'!C116 -> TDMNPB | D99: =IF(B99<=2020,"2017–2020","2021–2024") -> 2017–2020 | E99: ='1_Du_lieu'!E116 -> 33.1 | F99: =AVERAGE('1_Du_lieu'!$E$68:$E$130) -> 37.527778 | G99: =E99/F99*100 -> 88.201332 | H99: ='1_Du_lieu'!F116/AVERAGE('1_Du_lieu'!$F$68:$F$130)*100 -> 100.71864 | I99: ='1_Du_lieu'!G116/AVERAGE('1_Du_lieu'!$G$68:$G$130)*100 -> 76.634208 | J99: ='1_Du_lieu'!H116/AVERAGE('1_Du_lieu'!$H$68:$H$130)*100 -> 88.106796 | K99: ='1_Du_lieu'!D116 -> 0
A100: Thừa Thiên Huế | B100: 2018 | C100: ='1_Du_lieu'!C117 -> BTB&DHMT | D100: =IF(B100<=2020,"2017–2020","2021–2024") -> 2017–2020 | E100: ='1_Du_lieu'!E117 -> 38.3 | F100: =AVERAGE('1_Du_lieu'!$E$68:$E$130) -> 37.527778 | G100: =E100/F100*100 -> 102.05774 | H100: ='1_Du_lieu'!F117/AVERAGE('1_Du_lieu'!$F$68:$F$130)*100 -> 99.829941 | I100: ='1_Du_lieu'!G117/AVERAGE('1_Du_lieu'!$G$68:$G$130)*100 -> 104.22252 | J100: ='1_Du_lieu'!H117/AVERAGE('1_Du_lieu'!$H$68:$H$130)*100 -> 93.567961 | K100: ='1_Du_lieu'!D117 -> 0
A101: Tiền Giang | B101: 2018 | C101: ='1_Du_lieu'!C118 -> ĐBSCL | D101: =IF(B101<=2020,"2017–2020","2021–2024") -> 2017–2020 | E101: ='1_Du_lieu'!E118 -> 33.7 | F101: =AVERAGE('1_Du_lieu'!$E$68:$E$130) -> 37.527778 | G101: =E101/F101*100 -> 89.800148 | H101: ='1_Du_lieu'!F118/AVERAGE('1_Du_lieu'!$F$68:$F$130)*100 -> 98.941247 | I101: ='1_Du_lieu'!G118/AVERAGE('1_Du_lieu'!$G$68:$G$130)*100 -> 90.074669 | J101: ='1_Du_lieu'!H118/AVERAGE('1_Du_lieu'!$H$68:$H$130)*100 -> 66.990291 | K101: ='1_Du_lieu'!D118 -> 0
A102: Trà Vinh | B102: 2018 | C102: ='1_Du_lieu'!C119 -> ĐBSCL | D102: =IF(B102<=2020,"2017–2020","2021–2024") -> 2017–2020 | E102: ='1_Du_lieu'!E119 -> 29.2 | F102: =AVERAGE('1_Du_lieu'!$E$68:$E$130) -> 37.527778 | G102: =E102/F102*100 -> 77.80903 | H102: ='1_Du_lieu'!F119/AVERAGE('1_Du_lieu'!$F$68:$F$130)*100 -> 78.79752 | I102: ='1_Du_lieu'!G119/AVERAGE('1_Du_lieu'!$G$68:$G$130)*100 -> 83.943933 | J102: ='1_Du_lieu'!H119/AVERAGE('1_Du_lieu'!$H$68:$H$130)*100 -> 61.165049 | K102: ='1_Du_lieu'!D119 -> 0
A103: Tuyên Quang | B103: 2018 | C103: ='1_Du_lieu'!C120 -> TDMNPB | D103: =IF(B103<=2020,"2017–2020","2021–2024") -> 2017–2020 | E103: ='1_Du_lieu'!E120 -> 27.4 | F103: =AVERAGE('1_Du_lieu'!$E$68:$E$130) -> 37.527778 | G103: =E103/F103*100 -> 73.012583 | H103: ='1_Du_lieu'!F120/AVERAGE('1_Du_lieu'!$F$68:$F$130)*100 -> 77.612595 | I103: ='1_Du_lieu'!G120/AVERAGE('1_Du_lieu'!$G$68:$G$130)*100 -> 60.364176 | J103: ='1_Du_lieu'!H120/AVERAGE('1_Du_lieu'!$H$68:$H$130)*100 -> 70.995146 | K103: ='1_Du_lieu'!D120 -> 0
A104: Tây Ninh | B104: 2018 | C104: ='1_Du_lieu'!C121 -> ĐNB | D104: =IF(B104<=2020,"2017–2020","2021–2024") -> 2017–2020 | E104: ='1_Du_lieu'!E121 -> 36.6 | F104: =AVERAGE('1_Du_lieu'!$E$68:$E$130) -> 37.527778 | G104: =E104/F104*100 -> 97.527757 | H104: ='1_Du_lieu'!F121/AVERAGE('1_Du_lieu'!$F$68:$F$130)*100 -> 80.574908 | I104: ='1_Du_lieu'!G121/AVERAGE('1_Du_lieu'!$G$68:$G$130)*100 -> 110.82485 | J104: ='1_Du_lieu'!H121/AVERAGE('1_Du_lieu'!$H$68:$H$130)*100 -> 80.097087 | K104: ='1_Du_lieu'!D121 -> 1
A105: Vĩnh Long | B105: 2018 | C105: ='1_Du_lieu'!C122 -> ĐBSCL | D105: =IF(B105<=2020,"2017–2020","2021–2024") -> 2017–2020 | E105: ='1_Du_lieu'!E122 -> 29.7 | F105: =AVERAGE('1_Du_lieu'!$E$68:$E$130) -> 37.527778 | G105: =E105/F105*100 -> 79.141377 | H105: ='1_Du_lieu'!F122/AVERAGE('1_Du_lieu'!$F$68:$F$130)*100 -> 96.275166 | I105: ='1_Du_lieu'!G122/AVERAGE('1_Du_lieu'!$G$68:$G$130)*100 -> 83.943933 | J105: ='1_Du_lieu'!H122/AVERAGE('1_Du_lieu'!$H$68:$H$130)*100 -> 66.626214 | K105: ='1_Du_lieu'!D122 -> 0
...

Sheet 4_Bang3_Gini_Theil
A1: BẢNG 3. Gini, CV, Theil-T, MLD và phân rã theo 6 vùng – tính riêng từng năm trên các tỉnh có EBI
A2: Mỗi dòng = một tỉnh–năm (445 dòng, sắp theo năm). Cột "j" = thứ hạng trong năm (RANK.AVG, tăng dần). Gini = 2Σ(j·y)/(N·Σy) − (N+1)/N. Theil-T = Σ(y/ȳ)ln(y/ȳ)/N; MLD = Σln(ȳ/y)/N. Cột "f" = 1 nếu là Hà Nội hoặc TP.HCM (dùng cho kiểm tra vững).
A4: Tỉnh | B4: Năm | C4: Vùng | D4: y = EBI | E4: f (HN/HCM) | F4: ȳ năm | G4: N năm | H4: j = hạng | I4: j·y | J4: y/ȳ | K4: ln(y/ȳ) | L4: (y/ȳ)ln(y/ȳ) | M4: ln(ȳ/y) [MLD] | N4: ln(y) | O4: ȳ_ex (bỏ HN,HCM) | P4: (1−f)(y/ȳ_ex)ln(y/ȳ_ex)
A5: An Giang | B5: 2017 | C5: ='1_Du_lieu'!C5 -> ĐBSCL | D5: ='1_Du_lieu'!E5 -> 27.2 | E5: =IF(OR(A5="Hà Nội",A5="TP. Hồ Chí Minh"),1,0) -> 0 | F5: =AVERAGE($D$5:$D$58) -> 31.157407 | G5: =COUNT($D$5:$D$58) -> 54 | H5: =_xlfn.RANK.AVG(D5,$D$5:$D$58,1) -> 22.5 | I5: =H5*D5 -> 612 | J5: =D5/F5 -> 0.87298663 | K5: =LN(J5) -> -0.13583504 | L5: =J5*K5 -> -0.11858217 | M5: =LN(F5/D5) -> 0.13583504 | N5: =LN(D5) -> 3.303217 | O5: =SUMPRODUCT((1-$E$5:$E$58)*$D$5:$D$58)/(G5-SUM($E$5:$E$58)) -> 29.386538 | P5: =(1-E5)*(D5/O5)*LN(D5/O5) -> -0.07156666
A6: Bà Rịa - Vũng Tàu | B6: 2017 | C6: ='1_Du_lieu'!C6 -> ĐNB | D6: ='1_Du_lieu'!E6 -> 37.8 | E6: =IF(OR(A6="Hà Nội",A6="TP. Hồ Chí Minh"),1,0) -> 0 | F6: =AVERAGE($D$5:$D$58) -> 31.157407 | G6: =COUNT($D$5:$D$58) -> 54 | H6: =_xlfn.RANK.AVG(D6,$D$5:$D$58,1) -> 48 | I6: =H6*D6 -> 1814.4 | J6: =D6/F6 -> 1.2131947 | K6: =LN(J6) -> 0.19325709 | L6: =J6*K6 -> 0.23445846 | M6: =LN(F6/D6) -> -0.19325709 | N6: =LN(D6) -> 3.6323091 | O6: =SUMPRODUCT((1-$E$5:$E$58)*$D$5:$D$58)/(G6-SUM($E$5:$E$58)) -> 29.386538 | P6: =(1-E6)*(D6/O6)*LN(D6/O6) -> 0.32385567
A7: Bình Dương | B7: 2017 | C7: ='1_Du_lieu'!C7 -> ĐNB | D7: ='1_Du_lieu'!E7 -> 43 | E7: =IF(OR(A7="Hà Nội",A7="TP. Hồ Chí Minh"),1,0) -> 0 | F7: =AVERAGE($D$5:$D$58) -> 31.157407 | G7: =COUNT($D$5:$D$58) -> 54 | H7: =_xlfn.RANK.AVG(D7,$D$5:$D$58,1) -> 51 | I7: =H7*D7 -> 2193 | J7: =D7/F7 -> 1.3800892 | K7: =LN(J7) -> 0.3221481 | L7: =J7*K7 -> 0.4445931 | M7: =LN(F7/D7) -> -0.3221481 | N7: =LN(D7) -> 3.7612001 | O7: =SUMPRODUCT((1-$E$5:$E$58)*$D$5:$D$58)/(G7-SUM($E$5:$E$58)) -> 29.386538 | P7: =(1-E7)*(D7/O7)*LN(D7/O7) -> 0.55700766
A8: Bình Phước | B8: 2017 | C8: ='1_Du_lieu'!C8 -> ĐNB | D8: ='1_Du_lieu'!E8 -> 24 | E8: =IF(OR(A8="Hà Nội",A8="TP. Hồ Chí Minh"),1,0) -> 0 | F8: =AVERAGE($D$5:$D$58) -> 31.157407 | G8: =COUNT($D$5:$D$58) -> 54 | H8: =_xlfn.RANK.AVG(D8,$D$5:$D$58,1) -> 7 | I8: =H8*D8 -> 168 | J8: =D8/F8 -> 0.77028232 | K8: =LN(J8) -> -0.26099818 | L8: =J8*K8 -> -0.20104229 | M8: =LN(F8/D8) -> 0.26099818 | N8: =LN(D8) -> 3.1780538 | O8: =SUMPRODUCT((1-$E$5:$E$58)*$D$5:$D$58)/(G8-SUM($E$5:$E$58)) -> 29.386538 | P8: =(1-E8)*(D8/O8)*LN(D8/O8) -> -0.16536785
A9: Bình Thuận | B9: 2017 | C9: ='1_Du_lieu'!C9 -> BTB&DHMT | D9: ='1_Du_lieu'!E9 -> 29.5 | E9: =IF(OR(A9="Hà Nội",A9="TP. Hồ Chí Minh"),1,0) -> 0 | F9: =AVERAGE($D$5:$D$58) -> 31.157407 | G9: =COUNT($D$5:$D$58) -> 54 | H9: =_xlfn.RANK.AVG(D9,$D$5:$D$58,1) -> 33.5 | I9: =H9*D9 -> 988.25 | J9: =D9/F9 -> 0.94680535 | K9: =LN(J9) -> -0.054661752 | L9: =J9*K9 -> -0.051754039 | M9: =LN(F9/D9) -> 0.054661752 | N9: =LN(D9) -> 3.3843903 | O9: =SUMPRODUCT((1-$E$5:$E$58)*$D$5:$D$58)/(G9-SUM($E$5:$E$58)) -> 29.386538 | P9: =(1-E9)*(D9/O9)*LN(D9/O9) -> 0.003868448
A10: Bình Định | B10: 2017 | C10: ='1_Du_lieu'!C10 -> BTB&DHMT | D10: ='1_Du_lieu'!E10 -> 29.9 | E10: =IF(OR(A10="Hà Nội",A10="TP. Hồ Chí Minh"),1,0) -> 0 | F10: =AVERAGE($D$5:$D$58) -> 31.157407 | G10: =COUNT($D$5:$D$58) -> 54 | H10: =_xlfn.RANK.AVG(D10,$D$5:$D$58,1) -> 36 | I10: =H10*D10 -> 1076.4 | J10: =D10/F10 -> 0.95964339 | K10: =LN(J10) -> -0.041193535 | L10: =J10*K10 -> -0.039531103 | M10: =LN(F10/D10) -> 0.041193535 | N10: =LN(D10) -> 3.3978585 | O10: =SUMPRODUCT((1-$E$5:$E$58)*$D$5:$D$58)/(G10-SUM($E$5:$E$58)) -> 29.386538 | P10: =(1-E10)*(D10/O10)*LN(D10/O10) -> 0.017624444
A11: Bắc Giang | B11: 2017 | C11: ='1_Du_lieu'!C12 -> TDMNPB | D11: ='1_Du_lieu'!E12 -> 30 | E11: =IF(OR(A11="Hà Nội",A11="TP. Hồ Chí Minh"),1,0) -> 0 | F11: =AVERAGE($D$5:$D$58) -> 31.157407 | G11: =COUNT($D$5:$D$58) -> 54 | H11: =_xlfn.RANK.AVG(D11,$D$5:$D$58,1) -> 37 | I11: =H11*D11 -> 1110 | J11: =D11/F11 -> 0.9628529 | K11: =LN(J11) -> -0.037854633 | L11: =J11*K11 -> -0.036448443 | M11: =LN(F11/D11) -> 0.037854633 | N11: =LN(D11) -> 3.4011974 | O11: =SUMPRODUCT((1-$E$5:$E$58)*$D$5:$D$58)/(G11-SUM($E$5:$E$58)) -> 29.386538 | P11: =(1-E11)*(D11/O11)*LN(D11/O11) -> 0.021091992
A12: Bắc Kạn | B12: 2017 | C12: ='1_Du_lieu'!C13 -> TDMNPB | D12: ='1_Du_lieu'!E13 -> 22.6 | E12: =IF(OR(A12="Hà Nội",A12="TP. Hồ Chí Minh"),1,0) -> 0 | F12: =AVERAGE($D$5:$D$58) -> 31.157407 | G12: =COUNT($D$5:$D$58) -> 54 | H12: =_xlfn.RANK.AVG(D12,$D$5:$D$58,1) -> 3 | I12: =H12*D12 -> 67.8 | J12: =D12/F12 -> 0.72534918 | K12: =LN(J12) -> -0.32110211 | L12: =J12*K12 -> -0.23291115 | M12: =LN(F12/D12) -> 0.32110211 | N12: =LN(D12) -> 3.1179499 | O12: =SUMPRODUCT((1-$E$5:$E$58)*$D$5:$D$58)/(G12-SUM($E$5:$E$58)) -> 29.386538 | P12: =(1-E12)*(D12/O12)*LN(D12/O12) -> -0.20194489
A13: Bắc Ninh | B13: 2017 | C13: ='1_Du_lieu'!C14 -> ĐBSH | D13: ='1_Du_lieu'!E14 -> 38.9 | E13: =IF(OR(A13="Hà Nội",A13="TP. Hồ Chí Minh"),1,0) -> 0 | F13: =AVERAGE($D$5:$D$58) -> 31.157407 | G13: =COUNT($D$5:$D$58) -> 54 | H13: =_xlfn.RANK.AVG(D13,$D$5:$D$58,1) -> 49 | I13: =H13*D13 -> 1906.1 | J13: =D13/F13 -> 1.2484993 | K13: =LN(J13) -> 0.22194224 | L13: =J13*K13 -> 0.27709472 | M13: =LN(F13/D13) -> -0.22194224 | N13: =LN(D13) -> 3.6609943 | O13: =SUMPRODUCT((1-$E$5:$E$58)*$D$5:$D$58)/(G13-SUM($E$5:$E$58)) -> 29.386538 | P13: =(1-E13)*(D13/O13)*LN(D13/O13) -> 0.37125158
A14: Bến Tre | B14: 2017 | C14: ='1_Du_lieu'!C15 -> ĐBSCL | D14: ='1_Du_lieu'!E15 -> 28.1 | E14: =IF(OR(A14="Hà Nội",A14="TP. Hồ Chí Minh"),1,0) -> 0 | F14: =AVERAGE($D$5:$D$58) -> 31.157407 | G14: =COUNT($D$5:$D$58) -> 54 | H14: =_xlfn.RANK.AVG(D14,$D$5:$D$58,1) -> 27.5 | I14: =H14*D14 -> 772.75 | J14: =D14/F14 -> 0.90187221 | K14: =LN(J14) -> -0.10328244 | L14: =J14*K14 -> -0.093147562 | M14: =LN(F14/D14) -> 0.10328244 | N14: =LN(D14) -> 3.3357696 | O14: =SUMPRODUCT((1-$E$5:$E$58)*$D$5:$D$58)/(G14-SUM($E$5:$E$58)) -> 29.386538 | P14: =(1-E14)*(D14/O14)*LN(D14/O14) -> -0.04280722
A15: Cà Mau | B15: 2017 | C15: ='1_Du_lieu'!C17 -> ĐBSCL | D15: ='1_Du_lieu'!E17 -> 21.2 | E15: =IF(OR(A15="Hà Nội",A15="TP. Hồ Chí Minh"),1,0) -> 0 | F15: =AVERAGE($D$5:$D$58) -> 31.157407 | G15: =COUNT($D$5:$D$58) -> 54 | H15: =_xlfn.RANK.AVG(D15,$D$5:$D$58,1) -> 1.5 | I15: =H15*D15 -> 31.8 | J15: =D15/F15 -> 0.68041605 | K15: =LN(J15) -> -0.38505083 | L15: =J15*K15 -> -0.26199477 | M15: =LN(F15/D15) -> 0.38505083 | N15: =LN(D15) -> 3.0540012 | O15: =SUMPRODUCT((1-$E$5:$E$58)*$D$5:$D$58)/(G15-SUM($E$5:$E$58)) -> 29.386538 | P15: =(1-E15)*(D15/O15)*LN(D15/O15) -> -0.23556884
A16: Cần Thơ | B16: 2017 | C16: ='1_Du_lieu'!C18 -> ĐBSCL | D16: ='1_Du_lieu'!E18 -> 37.2 | E16: =IF(OR(A16="Hà Nội",A16="TP. Hồ Chí Minh"),1,0) -> 0 | F16: =AVERAGE($D$5:$D$58) -> 31.157407 | G16: =COUNT($D$5:$D$58) -> 54 | H16: =_xlfn.RANK.AVG(D16,$D$5:$D$58,1) -> 47 | I16: =H16*D16 -> 1748.4 | J16: =D16/F16 -> 1.1939376 | K16: =LN(J16) -> 0.17725675 | L16: =J16*K16 -> 0.21163349 | M16: =LN(F16/D16) -> -0.17725675 | N16: =LN(D16) -> 3.6163088 | O16: =SUMPRODUCT((1-$E$5:$E$58)*$D$5:$D$58)/(G16-SUM($E$5:$E$58)) -> 29.386538 | P16: =(1-E16)*(D16/O16)*LN(D16/O16) -> 0.2984605
A17: Gia Lai | B17: 2017 | C17: ='1_Du_lieu'!C19 -> TN | D17: ='1_Du_lieu'!E19 -> 23.7 | E17: =IF(OR(A17="Hà Nội",A17="TP. Hồ Chí Minh"),1,0) -> 0 | F17: =AVERAGE($D$5:$D$58) -> 31.157407 | G17: =COUNT($D$5:$D$58) -> 54 | H17: =_xlfn.RANK.AVG(D17,$D$5:$D$58,1) -> 5.5 | I17: =H17*D17 -> 130.35 | J17: =D17/F17 -> 0.76065379 | K17: =LN(J17) -> -0.27357697 | L17: =J17*K17 -> -0.20809736 | M17: =LN(F17/D17) -> 0.27357697 | N17: =LN(D17) -> 3.165475 | O17: =SUMPRODUCT((1-$E$5:$E$58)*$D$5:$D$58)/(G17-SUM($E$5:$E$58)) -> 29.386538 | P17: =(1-E17)*(D17/O17)*LN(D17/O17) -> -0.17344544
A18: Hà Nam | B18: 2017 | C18: ='1_Du_lieu'!C21 -> ĐBSH | D18: ='1_Du_lieu'!E21 -> 29.3 | E18: =IF(OR(A18="Hà Nội",A18="TP. Hồ Chí Minh"),1,0) -> 0 | F18: =AVERAGE($D$5:$D$58) -> 31.157407 | G18: =COUNT($D$5:$D$58) -> 54 | H18: =_xlfn.RANK.AVG(D18,$D$5:$D$58,1) -> 32 | I18: =H18*D18 -> 937.6 | J18: =D18/F18 -> 0.94038633 | K18: =LN(J18) -> -0.061464499 | L18: =J18*K18 -> -0.057800375 | M18: =LN(F18/D18) -> 0.061464499 | N18: =LN(D18) -> 3.3775875 | O18: =SUMPRODUCT((1-$E$5:$E$58)*$D$5:$D$58)/(G18-SUM($E$5:$E$58)) -> 29.386538 | P18: =(1-E18)*(D18/O18)*LN(D18/O18) -> -0.0029404932
A19: Hà Nội | B19: 2017 | C19: ='1_Du_lieu'!C22 -> ĐBSH | D19: ='1_Du_lieu'!E22 -> 75.8 | E19: =IF(OR(A19="Hà Nội",A19="TP. Hồ Chí Minh"),1,0) -> 1 | F19: =AVERAGE($D$5:$D$58) -> 31.157407 | G19: =COUNT($D$5:$D$58) -> 54 | H19: =_xlfn.RANK.AVG(D19,$D$5:$D$58,1) -> 53 | I19: =H19*D19 -> 4017.4 | J19: =D19/F19 -> 2.4328083 | K19: =LN(J19) -> 0.88904628 | L19: =J19*K19 -> 2.1628792 | M19: =LN(F19/D19) -> -0.88904628 | N19: =LN(D19) -> 4.3280983 | O19: =SUMPRODUCT((1-$E$5:$E$58)*$D$5:$D$58)/(G19-SUM($E$5:$E$58)) -> 29.386538 | P19: =(1-E19)*(D19/O19)*LN(D19/O19) -> 0
A20: Hà Tĩnh | B20: 2017 | C20: ='1_Du_lieu'!C23 -> BTB&DHMT | D20: ='1_Du_lieu'!E23 -> 27.1 | E20: =IF(OR(A20="Hà Nội",A20="TP. Hồ Chí Minh"),1,0) -> 0 | F20: =AVERAGE($D$5:$D$58) -> 31.157407 | G20: =COUNT($D$5:$D$58) -> 54 | H20: =_xlfn.RANK.AVG(D20,$D$5:$D$58,1) -> 21 | I20: =H20*D20 -> 569.1 | J20: =D20/F20 -> 0.86977712 | K20: =LN(J20) -> -0.13951829 | L20: =J20*K20 -> -0.12134981 | M20: =LN(F20/D20) -> 0.13951829 | N20: =LN(D20) -> 3.2995337 | O20: =SUMPRODUCT((1-$E$5:$E$58)*$D$5:$D$58)/(G20-SUM($E$5:$E$58)) -> 29.386538 | P20: =(1-E20)*(D20/O20)*LN(D20/O20) -> -0.074700203
A21: Hòa Bình | B21: 2017 | C21: ='1_Du_lieu'!C24 -> TDMNPB | D21: ='1_Du_lieu'!E24 -> 25.1 | E21: =IF(OR(A21="Hà Nội",A21="TP. Hồ Chí Minh"),1,0) -> 0 | F21: =AVERAGE($D$5:$D$58) -> 31.157407 | G21: =COUNT($D$5:$D$58) -> 54 | H21: =_xlfn.RANK.AVG(D21,$D$5:$D$58,1) -> 10 | I21: =H21*D21 -> 251 | J21: =D21/F21 -> 0.80558692 | K21: =LN(J21) -> -0.21618417 | L21: =J21*K21 -> -0.17415514 | M21: =LN(F21/D21) -> 0.21618417 | N21: =LN(D21) -> 3.2228678 | O21: =SUMPRODUCT((1-$E$5:$E$58)*$D$5:$D$58)/(G21-SUM($E$5:$E$58)) -> 29.386538 | P21: =(1-E21)*(D21/O21)*LN(D21/O21) -> -0.1346701
A22: Hưng Yên | B22: 2017 | C22: ='1_Du_lieu'!C25 -> ĐBSH | D22: ='1_Du_lieu'!E25 -> 28 | E22: =IF(OR(A22="Hà Nội",A22="TP. Hồ Chí Minh"),1,0) -> 0 | F22: =AVERAGE($D$5:$D$58) -> 31.157407 | G22: =COUNT($D$5:$D$58) -> 54 | H22: =_xlfn.RANK.AVG(D22,$D$5:$D$58,1) -> 26 | I22: =H22*D22 -> 728 | J22: =D22/F22 -> 0.8986627 | K22: =LN(J22) -> -0.1068475 | L22: =J22*K22 -> -0.096019868 | M22: =LN(F22/D22) -> 0.1068475 | N22: =LN(D22) -> 3.3322045 | O22: =SUMPRODUCT((1-$E$5:$E$58)*$D$5:$D$58)/(G22-SUM($E$5:$E$58)) -> 29.386538 | P22: =(1-E22)*(D22/O22)*LN(D22/O22) -> -0.046051737
A23: Hải Dương | B23: 2017 | C23: ='1_Du_lieu'!C26 -> ĐBSH | D23: ='1_Du_lieu'!E26 -> 34.6 | E23: =IF(OR(A23="Hà Nội",A23="TP. Hồ Chí Minh"),1,0) -> 0 | F23: =AVERAGE($D$5:$D$58) -> 31.157407 | G23: =COUNT($D$5:$D$58) -> 54 | H23: =_xlfn.RANK.AVG(D23,$D$5:$D$58,1) -> 44.5 | I23: =H23*D23 -> 1539.7 | J23: =D23/F23 -> 1.1104903 | K23: =LN(J23) -> 0.10480167 | L23: =J23*K23 -> 0.11638124 | M23: =LN(F23/D23) -> -0.10480167 | N23: =LN(D23) -> 3.5438537 | O23: =SUMPRODUCT((1-$E$5:$E$58)*$D$5:$D$58)/(G23-SUM($E$5:$E$58)) -> 29.386538 | P23: =(1-E23)*(D23/O23)*LN(D23/O23) -> 0.19229103
A24: Hải Phòng | B24: 2017 | C24: ='1_Du_lieu'!C27 -> ĐBSH | D24: ='1_Du_lieu'!E27 -> 42.2 | E24: =IF(OR(A24="Hà Nội",A24="TP. Hồ Chí Minh"),1,0) -> 0 | F24: =AVERAGE($D$5:$D$58) -> 31.157407 | G24: =COUNT($D$5:$D$58) -> 54 | H24: =_xlfn.RANK.AVG(D24,$D$5:$D$58,1) -> 50 | I24: =H24*D24 -> 2110 | J24: =D24/F24 -> 1.3544131 | K24: =LN(J24) -> 0.30336821 | L24: =J24*K24 -> 0.41088587 | M24: =LN(F24/D24) -> -0.30336821 | N24: =LN(D24) -> 3.7424202 | O24: =SUMPRODUCT((1-$E$5:$E$58)*$D$5:$D$58)/(G24-SUM($E$5:$E$58)) -> 29.386538 | P24: =(1-E24)*(D24/O24)*LN(D24/O24) -> 0.51967621
A25: Khánh Hòa | B25: 2017 | C25: ='1_Du_lieu'!C29 -> BTB&DHMT | D25: ='1_Du_lieu'!E29 -> 34.6 | E25: =IF(OR(A25="Hà Nội",A25="TP. Hồ Chí Minh"),1,0) -> 0 | F25: =AVERAGE($D$5:$D$58) -> 31.157407 | G25: =COUNT($D$5:$D$58) -> 54 | H25: =_xlfn.RANK.AVG(D25,$D$5:$D$58,1) -> 44.5 | I25: =H25*D25 -> 1539.7 | J25: =D25/F25 -> 1.1104903 | K25: =LN(J25) -> 0.10480167 | L25: =J25*K25 -> 0.11638124 | M25: =LN(F25/D25) -> -0.10480167 | N25: =LN(D25) -> 3.5438537 | O25: =SUMPRODUCT((1-$E$5:$E$58)*$D$5:$D$58)/(G25-SUM($E$5:$E$58)) -> 29.386538 | P25: =(1-E25)*(D25/O25)*LN(D25/O25) -> 0.19229103
A26: Kiên Giang | B26: 2017 | C26: ='1_Du_lieu'!C30 -> ĐBSCL | D26: ='1_Du_lieu'!E30 -> 27.5 | E26: =IF(OR(A26="Hà Nội",A26="TP. Hồ Chí Minh"),1,0) -> 0 | F26: =AVERAGE($D$5:$D$58) -> 31.157407 | G26: =COUNT($D$5:$D$58) -> 54 | H26: =_xlfn.RANK.AVG(D26,$D$5:$D$58,1) -> 24 | I26: =H26*D26 -> 660 | J26: =D26/F26 -> 0.88261516 | K26: =LN(J26) -> -0.12486601 | L26: =J26*K26 -> -0.11020863 | M26: =LN(F26/D26) -> 0.12486601 | N26: =LN(D26) -> 3.314186 | O26: =SUMPRODUCT((1-$E$5:$E$58)*$D$5:$D$58)/(G26-SUM($E$5:$E$58)) -> 29.386538 | P26: =(1-E26)*(D26/O26)*LN(D26/O26) -> -0.06209115
A27: Kon Tum | B27: 2017 | C27: ='1_Du_lieu'!C31 -> TN | D27: ='1_Du_lieu'!E31 -> 24.2 | E27: =IF(OR(A27="Hà Nội",A27="TP. Hồ Chí Minh"),1,0) -> 0 | F27: =AVERAGE($D$5:$D$58) -> 31.157407 | G27: =COUNT($D$5:$D$58) -> 54 | H27: =_xlfn.RANK.AVG(D27,$D$5:$D$58,1) -> 8.5 | I27: =H27*D27 -> 205.7 | J27: =D27/F27 -> 0.77670134 | K27: =LN(J27) -> -0.25269938 | L27: =J27*K27 -> -0.19627195 | M27: =LN(F27/D27) -> 0.25269938 | N27: =LN(D27) -> 3.1863526 | O27: =SUMPRODUCT((1-$E$5:$E$58)*$D$5:$D$58)/(G27-SUM($E$5:$E$58)) -> 29.386538 | P27: =(1-E27)*(D27/O27)*LN(D27/O27) -> -0.1599118
A28: Long An | B28: 2017 | C28: ='1_Du_lieu'!C33 -> ĐBSCL | D28: ='1_Du_lieu'!E33 -> 27.9 | E28: =IF(OR(A28="Hà Nội",A28="TP. Hồ Chí Minh"),1,0) -> 0 | F28: =AVERAGE($D$5:$D$58) -> 31.157407 | G28: =COUNT($D$5:$D$58) -> 54 | H28: =_xlfn.RANK.AVG(D28,$D$5:$D$58,1) -> 25 | I28: =H28*D28 -> 697.5 | J28: =D28/F28 -> 0.89545319 | K28: =LN(J28) -> -0.11042533 | L28: =J28*K28 -> -0.098880711 | M28: =LN(F28/D28) -> 0.11042533 | N28: =LN(D28) -> 3.3286267 | O28: =SUMPRODUCT((1-$E$5:$E$58)*$D$5:$D$58)/(G28-SUM($E$5:$E$58)) -> 29.386538 | P28: =(1-E28)*(D28/O28)*LN(D28/O28) -> -0.049284102
A29: Lào Cai | B29: 2017 | C29: ='1_Du_lieu'!C34 -> TDMNPB | D29: ='1_Du_lieu'!E34 -> 26.6 | E29: =IF(OR(A29="Hà Nội",A29="TP. Hồ Chí Minh"),1,0) -> 0 | F29: =AVERAGE($D$5:$D$58) -> 31.157407 | G29: =COUNT($D$5:$D$58) -> 54 | H29: =_xlfn.RANK.AVG(D29,$D$5:$D$58,1) -> 18 | I29: =H29*D29 -> 478.8 | J29: =D29/F29 -> 0.85372957 | K29: =LN(J29) -> -0.1581408 | L29: =J29*K29 -> -0.13500948 | M29: =LN(F29/D29) -> 0.1581408 | N29: =LN(D29) -> 3.2809112 | O29: =SUMPRODUCT((1-$E$5:$E$58)*$D$5:$D$58)/(G29-SUM($E$5:$E$58)) -> 29.386538 | P29: =(1-E29)*(D29/O29)*LN(D29/O29) -> -0.090178628
A30: Lâm Đồng | B30: 2017 | C30: ='1_Du_lieu'!C35 -> TN | D30: ='1_Du_lieu'!E35 -> 27.2 | E30: =IF(OR(A30="Hà Nội",A30="TP. Hồ Chí Minh"),1,0) -> 0 | F30: =AVERAGE($D$5:$D$58) -> 31.157407 | G30: =COUNT($D$5:$D$58) -> 54 | H30: =_xlfn.RANK.AVG(D30,$D$5:$D$58,1) -> 22.5 | I30: =H30*D30 -> 612 | J30: =D30/F30 -> 0.87298663 | K30: =LN(J30) -> -0.13583504 | L30: =J30*K30 -> -0.11858217 | M30: =LN(F30/D30) -> 0.13583504 | N30: =LN(D30) -> 3.303217 | O30: =SUMPRODUCT((1-$E$5:$E$58)*$D$5:$D$58)/(G30-SUM($E$5:$E$58)) -> 29.386538 | P30: =(1-E30)*(D30/O30)*LN(D30/O30) -> -0.07156666
A31: Lạng Sơn | B31: 2017 | C31: ='1_Du_lieu'!C36 -> TDMNPB | D31: ='1_Du_lieu'!E36 -> 21.2 | E31: =IF(OR(A31="Hà Nội",A31="TP. Hồ Chí Minh"),1,0) -> 0 | F31: =AVERAGE($D$5:$D$58) -> 31.157407 | G31: =COUNT($D$5:$D$58) -> 54 | H31: =_xlfn.RANK.AVG(D31,$D$5:$D$58,1) -> 1.5 | I31: =H31*D31 -> 31.8 | J31: =D31/F31 -> 0.68041605 | K31: =LN(J31) -> -0.38505083 | L31: =J31*K31 -> -0.26199477 | M31: =LN(F31/D31) -> 0.38505083 | N31: =LN(D31) -> 3.0540012 | O31: =SUMPRODUCT((1-$E$5:$E$58)*$D$5:$D$58)/(G31-SUM($E$5:$E$58)) -> 29.386538 | P31: =(1-E31)*(D31/O31)*LN(D31/O31) -> -0.23556884
A32: Nam Định | B32: 2017 | C32: ='1_Du_lieu'!C37 -> ĐBSH | D32: ='1_Du_lieu'!E37 -> 33.3 | E32: =IF(OR(A32="Hà Nội",A32="TP. Hồ Chí Minh"),1,0) -> 0 | F32: =AVERAGE($D$5:$D$58) -> 31.157407 | G32: =COUNT($D$5:$D$58) -> 54 | H32: =_xlfn.RANK.AVG(D32,$D$5:$D$58,1) -> 42 | I32: =H32*D32 -> 1398.6 | J32: =D32/F32 -> 1.0687667 | K32: =LN(J32) -> 0.066505382 | L32: =J32*K32 -> 0.071078739 | M32: =LN(F32/D32) -> -0.066505382 | N32: =LN(D32) -> 3.5055574 | O32: =SUMPRODUCT((1-$E$5:$E$58)*$D$5:$D$58)/(G32-SUM($E$5:$E$58)) -> 29.386538 | P32: =(1-E32)*(D32/O32)*LN(D32/O32) -> 0.14166995
A33: Nghệ An | B33: 2017 | C33: ='1_Du_lieu'!C38 -> BTB&DHMT | D33: ='1_Du_lieu'!E38 -> 30.7 | E33: =IF(OR(A33="Hà Nội",A33="TP. Hồ Chí Minh"),1,0) -> 0 | F33: =AVERAGE($D$5:$D$58) -> 31.157407 | G33: =COUNT($D$5:$D$58) -> 54 | H33: =_xlfn.RANK.AVG(D33,$D$5:$D$58,1) -> 38 | I33: =H33*D33 -> 1166.6 | J33: =D33/F33 -> 0.98531947 | K33: =LN(J33) -> -0.01478936 | L33: =J33*K33 -> -0.014572245 | M33: =LN(F33/D33) -> 0.01478936 | N33: =LN(D33) -> 3.4242627 | O33: =SUMPRODUCT((1-$E$5:$E$58)*$D$5:$D$58)/(G33-SUM($E$5:$E$58)) -> 29.386538 | P33: =(1-E33)*(D33/O33)*LN(D33/O33) -> 0.045680337
A34: Ninh Bình | B34: 2017 | C34: ='1_Du_lieu'!C39 -> ĐBSH | D34: ='1_Du_lieu'!E39 -> 29.6 | E34: =IF(OR(A34="Hà Nội",A34="TP. Hồ Chí Minh"),1,0) -> 0 | F34: =AVERAGE($D$5:$D$58) -> 31.157407 | G34: =COUNT($D$5:$D$58) -> 54 | H34: =_xlfn.RANK.AVG(D34,$D$5:$D$58,1) -> 35 | I34: =H34*D34 -> 1036 | J34: =D34/F34 -> 0.95001486 | K34: =LN(J34) -> -0.051277654 | L34: =J34*K34 -> -0.048714533 | M34: =LN(F34/D34) -> 0.051277654 | N34: =LN(D34) -> 3.3877744 | O34: =SUMPRODUCT((1-$E$5:$E$58)*$D$5:$D$58)/(G34-SUM($E$5:$E$58)) -> 29.386538 | P34: =(1-E34)*(D34/O34)*LN(D34/O34) -> 0.0072902412
A35: Ninh Thuận | B35: 2017 | C35: ='1_Du_lieu'!C40 -> BTB&DHMT | D35: ='1_Du_lieu'!E40 -> 25.3 | E35: =IF(OR(A35="Hà Nội",A35="TP. Hồ Chí Minh"),1,0) -> 0 | F35: =AVERAGE($D$5:$D$58) -> 31.157407 | G35: =COUNT($D$5:$D$58) -> 54 | H35: =_xlfn.RANK.AVG(D35,$D$5:$D$58,1) -> 12.5 | I35: =H35*D35 -> 316.25 | J35: =D35/F35 -> 0.81200594 | K35: =LN(J35) -> -0.20824762 | L35: =J35*K35 -> -0.1690983 | M35: =LN(F35/D35) -> 0.20824762 | N35: =LN(D35) -> 3.2308044 | O35: =SUMPRODUCT((1-$E$5:$E$58)*$D$5:$D$58)/(G35-SUM($E$5:$E$58)) -> 29.386538 | P35: =(1-E35)*(D35/O35)*LN(D35/O35) -> -0.12891029
A36: Phú Thọ | B36: 2017 | C36: ='1_Du_lieu'!C41 -> TDMNPB | D36: ='1_Du_lieu'!E41 -> 28.5 | E36: =IF(OR(A36="Hà Nội",A36="TP. Hồ Chí Minh"),1,0) -> 0 | F36: =AVERAGE($D$5:$D$58) -> 31.157407 | G36: =COUNT($D$5:$D$58) -> 54 | H36: =_xlfn.RANK.AVG(D36,$D$5:$D$58,1) -> 30 | I36: =H36*D36 -> 855 | J36: =D36/F36 -> 0.91471025 | K36: =LN(J36) -> -0.089147928 | L36: =J36*K36 -> -0.081544523 | M36: =LN(F36/D36) -> 0.089147928 | N36: =LN(D36) -> 3.3499041 | O36: =SUMPRODUCT((1-$E$5:$E$58)*$D$5:$D$58)/(G36-SUM($E$5:$E$58)) -> 29.386538 | P36: =(1-E36)*(D36/O36)*LN(D36/O36) -> -0.029708477
A37: Phú Yên | B37: 2017 | C37: ='1_Du_lieu'!C42 -> BTB&DHMT | D37: ='1_Du_lieu'!E42 -> 25.4 | E37: =IF(OR(A37="Hà Nội",A37="TP. Hồ Chí Minh"),1,0) -> 0 | F37: =AVERAGE($D$5:$D$58) -> 31.157407 | G37: =COUNT($D$5:$D$58) -> 54 | H37: =_xlfn.RANK.AVG(D37,$D$5:$D$58,1) -> 14 | I37: =H37*D37 -> 355.6 | J37: =D37/F37 -> 0.81521545 | K37: =LN(J37) -> -0.20430284 | L37: =J37*K37 -> -0.16655083 | M37: =LN(F37/D37) -> 0.20430284 | N37: =LN(D37) -> 3.2347492 | O37: =SUMPRODUCT((1-$E$5:$E$58)*$D$5:$D$58)/(G37-SUM($E$5:$E$58)) -> 29.386538 | P37: =(1-E37)*(D37/O37)*LN(D37/O37) -> -0.12601018
A38: Quảng Bình | B38: 2017 | C38: ='1_Du_lieu'!C43 -> BTB&DHMT | D38: ='1_Du_lieu'!E43 -> 25.3 | E38: =IF(OR(A38="Hà Nội",A38="TP. Hồ Chí Minh"),1,0) -> 0 | F38: =AVERAGE($D$5:$D$58) -> 31.157407 | G38: =COUNT($D$5:$D$58) -> 54 | H38: =_xlfn.RANK.AVG(D38,$D$5:$D$58,1) -> 12.5 | I38: =H38*D38 -> 316.25 | J38: =D38/F38 -> 0.81200594 | K38: =LN(J38) -> -0.20824762 | L38: =J38*K38 -> -0.1690983 | M38: =LN(F38/D38) -> 0.20824762 | N38: =LN(D38) -> 3.2308044 | O38: =SUMPRODUCT((1-$E$5:$E$58)*$D$5:$D$58)/(G38-SUM($E$5:$E$58)) -> 29.386538 | P38: =(1-E38)*(D38/O38)*LN(D38/O38) -> -0.12891029
A39: Quảng Nam | B39: 2017 | C39: ='1_Du_lieu'!C44 -> BTB&DHMT | D39: ='1_Du_lieu'!E44 -> 29.2 | E39: =IF(OR(A39="Hà Nội",A39="TP. Hồ Chí Minh"),1,0) -> 0 | F39: =AVERAGE($D$5:$D$58) -> 31.157407 | G39: =COUNT($D$5:$D$58) -> 54 | H39: =_xlfn.RANK.AVG(D39,$D$5:$D$58,1) -> 31 | I39: =H39*D39 -> 905.2 | J39: =D39/F39 -> 0.93717682 | K39: =LN(J39) -> -0.064883306 | L39: =J39*K39 -> -0.06080713 | M39: =LN(F39/D39) -> 0.064883306 | N39: =LN(D39) -> 3.3741687 | O39: =SUMPRODUCT((1-$E$5:$E$58)*$D$5:$D$58)/(G39-SUM($E$5:$E$58)) -> 29.386538 | P39: =(1-E39)*(D39/O39)*LN(D39/O39) -> -0.0063275624
... A42: Quảng Trị | B42: 2017 | C42: ='1_Du_lieu'!C47 -> BTB&DHMT | D42: ='1_Du_lieu'!E47 -> 25.7 | E42: =IF(OR(A42="Hà Nội",A42="TP. Hồ Chí Minh"),1,0) -> 0 | F42: =AVERAGE($D$5:$D$58) -> 31.157407 | G42: =COUNT($D$5:$D$58) -> 54 | H42: =_xlfn.RANK.AVG(D42,$D$5:$D$58,1) -> 16 | I42: =H42*D42 -> 411.2 | J42: =D42/F42 -> 0.82484398 | K42: =LN(J42) -> -0.19256102 | L42: =J42*K42 -> -0.1588328 | M42: =LN(F42/D42) -> 0.19256102 | N42: =LN(D42) -> 3.246491 | O42: =SUMPRODUCT((1-$E$5:$E$58)*$D$5:$D$58)/(G42-SUM($E$5:$E$58)) -> 29.386538 | P42: =(1-E42)*(D42/O42)*LN(D42/O42) -> -0.11722968
A43: TP. Hồ Chí Minh | B43: 2017 | C43: ='1_Du_lieu'!C50 -> ĐNB | D43: ='1_Du_lieu'!E50 -> 78.6 | E43: =IF(OR(A43="Hà Nội",A43="TP. Hồ Chí Minh"),1,0) -> 1 | F43: =AVERAGE($D$5:$D$58) -> 31.157407 | G43: =COUNT($D$5:$D$58) -> 54 | H43: =_xlfn.RANK.AVG(D43,$D$5:$D$58,1) -> 54 | I43: =H43*D43 -> 4244.4 | J43: =D43/F43 -> 2.5226746 | K43: =LN(J43) -> 0.92531968 | L43: =J43*K43 -> 2.3342805 | M43: =LN(F43/D43) -> -0.92531968 | N43: =LN(D43) -> 4.3643717 | O43: =SUMPRODUCT((1-$E$5:$E$58)*$D$5:$D$58)/(G43-SUM($E$5:$E$58)) -> 29.386538 | P43: =(1-E43)*(D43/O43)*LN(D43/O43) -> 0
A44: Thanh Hóa | B44: 2017 | C44: ='1_Du_lieu'!C51 -> BTB&DHMT | D44: ='1_Du_lieu'!E51 -> 29.5 | E44: =IF(OR(A44="Hà Nội",A44="TP. Hồ Chí Minh"),1,0) -> 0 | F44: =AVERAGE($D$5:$D$58) -> 31.157407 | G44: =COUNT($D$5:$D$58) -> 54 | H44: =_xlfn.RANK.AVG(D44,$D$5:$D$58,1) -> 33.5 | I44: =H44*D44 -> 988.25 | J44: =D44/F44 -> 0.94680535 | K44: =LN(J44) -> -0.054661752 | L44: =J44*K44 -> -0.051754039 | M44: =LN(F44/D44) -> 0.054661752 | N44: =LN(D44) -> 3.3843903 | O44: =SUMPRODUCT((1-$E$5:$E$58)*$D$5:$D$58)/(G44-SUM($E$5:$E$58)) -> 29.386538 | P44: =(1-E44)*(D44/O44)*LN(D44/O44) -> 0.003868448
A45: Thái Bình | B45: 2017 | C45: ='1_Du_lieu'!C52 -> ĐBSH | D45: ='1_Du_lieu'!E52 -> 28.3 | E45: =IF(OR(A45="Hà Nội",A45="TP. Hồ Chí Minh"),1,0) -> 0 | F45: =AVERAGE($D$5:$D$58) -> 31.157407 | G45: =COUNT($D$5:$D$58) -> 54 | H45: =_xlfn.RANK.AVG(D45,$D$5:$D$58,1) -> 29 | I45: =H45*D45 -> 820.7 | J45: =D45/F45 -> 0.90829123 | K45: =LN(J45) -> -0.09619021 | L45: =J45*K45 -> -0.087368725 | M45: =LN(F45/D45) -> 0.09619021 | N45: =LN(D45) -> 3.3428618 | O45: =SUMPRODUCT((1-$E$5:$E$58)*$D$5:$D$58)/(G45-SUM($E$5:$E$58)) -> 29.386538 | P45: =(1-E45)*(D45/O45)*LN(D45/O45) -> -0.036281897
A46: Thái Nguyên | B46: 2017 | C46: ='1_Du_lieu'!C53 -> TDMNPB | D46: ='1_Du_lieu'!E53 -> 25.2 | E46: =IF(OR(A46="Hà Nội",A46="TP. Hồ Chí Minh"),1,0) -> 0 | F46: =AVERAGE($D$5:$D$58) -> 31.157407 | G46: =COUNT($D$5:$D$58) -> 54 | H46: =_xlfn.RANK.AVG(D46,$D$5:$D$58,1) -> 11 | I46: =H46*D46 -> 277.2 | J46: =D46/F46 -> 0.80879643 | K46: =LN(J46) -> -0.21220802 | L46: =J46*K46 -> -0.17163309 | M46: =LN(F46/D46) -> 0.21220802 | N46: =LN(D46) -> 3.226844 | O46: =SUMPRODUCT((1-$E$5:$E$58)*$D$5:$D$58)/(G46-SUM($E$5:$E$58)) -> 29.386538 | P46: =(1-E46)*(D46/O46)*LN(D46/O46) -> -0.13179695
A47: Thừa Thiên Huế | B47: 2017 | C47: ='1_Du_lieu'!C54 -> BTB&DHMT | D47: ='1_Du_lieu'!E54 -> 32.3 | E47: =IF(OR(A47="Hà Nội",A47="TP. Hồ Chí Minh"),1,0) -> 0 | F47: =AVERAGE($D$5:$D$58) -> 31.157407 | G47: =COUNT($D$5:$D$58) -> 54 | H47: =_xlfn.RANK.AVG(D47,$D$5:$D$58,1) -> 40 | I47: =H47*D47 -> 1292 | J47: =D47/F47 -> 1.0366716 | K47: =LN(J47) -> 0.036015215 | L47: =J47*K47 -> 0.037335952 | M47: =LN(F47/D47) -> -0.036015215 | N47: =LN(D47) -> 3.4750672 | O47: =SUMPRODUCT((1-$E$5:$E$58)*$D$5:$D$58)/(G47-SUM($E$5:$E$58)) -> 29.386538 | P47: =(1-E47)*(D47/O47)*LN(D47/O47) -> 0.10390255
A48: Tiền Giang | B48: 2017 | C48: ='1_Du_lieu'!C55 -> ĐBSCL | D48: ='1_Du_lieu'!E55 -> 27 | E48: =IF(OR(A48="Hà Nội",A48="TP. Hồ Chí Minh"),1,0) -> 0 | F48: =AVERAGE($D$5:$D$58) -> 31.157407 | G48: =COUNT($D$5:$D$58) -> 54 | H48: =_xlfn.RANK.AVG(D48,$D$5:$D$58,1) -> 20 | I48: =H48*D48 -> 540 | J48: =D48/F48 -> 0.86656761 | K48: =LN(J48) -> -0.14321515 | L48: =J48*K48 -> -0.12410561 | M48: =LN(F48/D48) -> 0.14321515 | N48: =LN(D48) -> 3.2958369 | O48: =SUMPRODUCT((1-$E$5:$E$58)*$D$5:$D$58)/(G48-SUM($E$5:$E$58)) -> 29.386538 | P48: =(1-E48)*(D48/O48)*LN(D48/O48) -> -0.077821189
A49: Trà Vinh | B49: 2017 | C49: ='1_Du_lieu'!C56 -> ĐBSCL | D49: ='1_Du_lieu'!E56 -> 26 | E49: =IF(OR(A49="Hà Nội",A49="TP. Hồ Chí Minh"),1,0) -> 0 | F49: =AVERAGE($D$5:$D$58) -> 31.157407 | G49: =COUNT($D$5:$D$58) -> 54 | H49: =_xlfn.RANK.AVG(D49,$D$5:$D$58,1) -> 17 | I49: =H49*D49 -> 442 | J49: =D49/F49 -> 0.83447251 | K49: =LN(J49) -> -0.18095548 | L49: =J49*K49 -> -0.15100237 | M49: =LN(F49/D49) -> 0.18095548 | N49: =LN(D49) -> 3.2580965 | O49: =SUMPRODUCT((1-$E$5:$E$58)*$D$5:$D$58)/(G49-SUM($E$5:$E$58)) -> 29.386538 | P49: =(1-E49)*(D49/O49)*LN(D49/O49) -> -0.10833001
A50: Tuyên Quang | B50: 2017 | C50: ='1_Du_lieu'!C57 -> TDMNPB | D50: ='1_Du_lieu'!E57 -> 23.2 | E50: =IF(OR(A50="Hà Nội",A50="TP. Hồ Chí Minh"),1,0) -> 0 | F50: =AVERAGE($D$5:$D$58) -> 31.157407 | G50: =COUNT($D$5:$D$58) -> 54 | H50: =_xlfn.RANK.AVG(D50,$D$5:$D$58,1) -> 4 | I50: =H50*D50 -> 92.8 | J50: =D50/F50 -> 0.74460624 | K50: =LN(J50) -> -0.29489974 | L50: =J50*K50 -> -0.21958418 | M50: =LN(F50/D50) -> 0.29489974 | N50: =LN(D50) -> 3.1441523 | O50: =SUMPRODUCT((1-$E$5:$E$58)*$D$5:$D$58)/(G50-SUM($E$5:$E$58)) -> 29.386538 | P50: =(1-E50)*(D50/O50)*LN(D50/O50) -> -0.18662009
A51: Tây Ninh | B51: 2017 | C51: ='1_Du_lieu'!C58 -> ĐNB | D51: ='1_Du_lieu'!E58 -> 30.8 | E51: =IF(OR(A51="Hà Nội",A51="TP. Hồ Chí Minh"),1,0) -> 0 | F51: =AVERAGE($D$5:$D$58) -> 31.157407 | G51: =COUNT($D$5:$D$58) -> 54 | H51: =_xlfn.RANK.AVG(D51,$D$5:$D$58,1) -> 39 | I51: =H51*D51 -> 1201.2 | J51: =D51/F51 -> 0.98852897 | K51: =LN(J51) -> -0.011537325 | L51: =J51*K51 -> -0.01140498 | M51: =LN(F51/D51) -> 0.011537325 | N51: =LN(D51) -> 3.4275147 | O51: =SUMPRODUCT((1-$E$5:$E$58)*$D$5:$D$58)/(G51-SUM($E$5:$E$58)) -> 29.386538 | P51: =(1-E51)*(D51/O51)*LN(D51/O51) -> 0.049237588
A52: Vĩnh Phúc | B52: 2017 | C52: ='1_Du_lieu'!C60 -> ĐBSH | D52: ='1_Du_lieu'!E60 -> 33.5 | E52: =IF(OR(A52="Hà Nội",A52="TP. Hồ Chí Minh"),1,0) -> 0 | F52: =AVERAGE($D$5:$D$58) -> 31.157407 | G52: =COUNT($D$5:$D$58) -> 54 | H52: =_xlfn.RANK.AVG(D52,$D$5:$D$58,1) -> 43 | I52: =H52*D52 -> 1440.5 | J52: =D52/F52 -> 1.0751857 | K52: =LN(J52) -> 0.072493424 | L52: =J52*K52 -> 0.077943895 | M52: =LN(F52/D52) -> -0.072493424 | N52: =LN(D52) -> 3.5115454 | O52: =SUMPRODUCT((1-$E$5:$E$58)*$D$5:$D$58)/(G52-SUM($E$5:$E$58)) -> 29.386538 | P52: =(1-E52)*(D52/O52)*LN(D52/O52) -> 0.14934705
A53: Yên Bái | B53: 2017 | C53: ='1_Du_lieu'!C61 -> TDMNPB | D53: ='1_Du_lieu'!E61 -> 23.7 | E53: =IF(OR(A53="Hà Nội",A53="TP. Hồ Chí Minh"),1,0) -> 0 | F53: =AVERAGE($D$5:$D$58) -> 31.157407 | G53: =COUNT($D$5:$D$58) -> 54 | H53: =_xlfn.RANK.AVG(D53,$D$5:$D$58,1) -> 5.5 | I53: =H53*D53 -> 130.35 | J53: =D53/F53 -> 0.76065379 | K53: =LN(J53) -> -0.27357697 | L53: =J53*K53 -> -0.20809736 | M53: =LN(F53/D53) -> 0.27357697 | N53: =LN(D53) -> 3.165475 | O53: =SUMPRODUCT((1-$E$5:$E$58)*$D$5:$D$58)/(G53-SUM($E$5:$E$58)) -> 29.386538 | P53: =(1-E53)*(D53/O53)*LN(D53/O53) -> -0.17344544
A54: Đà Nẵng | B54: 2017 | C54: ='1_Du_lieu'!C63 -> BTB&DHMT | D54: ='1_Du_lieu'!E63 -> 52.8 | E54: =IF(OR(A54="Hà Nội",A54="TP. Hồ Chí Minh"),1,0) -> 0 | F54: =AVERAGE($D$5:$D$58) -> 31.157407 | G54: =COUNT($D$5:$D$58) -> 54 | H54: =_xlfn.RANK.AVG(D54,$D$5:$D$58,1) -> 52 | I54: =H54*D54 -> 2745.6 | J54: =D54/F54 -> 1.6946211 | K54: =LN(J54) -> 0.52745918 | L54: =J54*K54 -> 0.89384345 | M54: =LN(F54/D54) -> -0.52745918 | N54: =LN(D54) -> 3.9665112 | O54: =SUMPRODUCT((1-$E$5:$E$58)*$D$5:$D$58)/(G54-SUM($E$5:$E$58)) -> 29.386538 | P54: =(1-E54)*(D54/O54)*LN(D54/O54) -> 1.0528444
A55: Đắk Lắk | B55: 2017 | C55: ='1_Du_lieu'!C64 -> TN | D55: ='1_Du_lieu'!E64 -> 28.1 | E55: =IF(OR(A55="Hà Nội",A55="TP. Hồ Chí Minh"),1,0) -> 0 | F55: =AVERAGE($D$5:$D$58) -> 31.157407 | G55: =COUNT($D$5:$D$58) -> 54 | H55: =_xlfn.RANK.AVG(D55,$D$5:$D$58,1) -> 27.5 | I55: =H55*D55 -> 772.75 | J55: =D55/F55 -> 0.90187221 | K55: =LN(J55) -> -0.10328244 | L55: =J55*K55 -> -0.093147562 | M55: =LN(F55/D55) -> 0.10328244 | N55: =LN(D55) -> 3.3357696 | O55: =SUMPRODUCT((1-$E$5:$E$58)*$D$5:$D$58)/(G55-SUM($E$5:$E$58)) -> 29.386538 | P55: =(1-E55)*(D55/O55)*LN(D55/O55) -> -0.04280722
A56: Đắk Nông | B56: 2017 | C56: ='1_Du_lieu'!C65 -> TN | D56: ='1_Du_lieu'!E65 -> 24.2 | E56: =IF(OR(A56="Hà Nội",A56="TP. Hồ Chí Minh"),1,0) -> 0 | F56: =AVERAGE($D$5:$D$58) -> 31.157407 | G56: =COUNT($D$5:$D$58) -> 54 | H56: =_xlfn.RANK.AVG(D56,$D$5:$D$58,1) -> 8.5 | I56: =H56*D56 -> 205.7 | J56: =D56/F56 -> 0.77670134 | K56: =LN(J56) -> -0.25269938 | L56: =J56*K56 -> -0.19627195 | M56: =LN(F56/D56) -> 0.25269938 | N56: =LN(D56) -> 3.1863526 | O56: =SUMPRODUCT((1-$E$5:$E$58)*$D$5:$D$58)/(G56-SUM($E$5:$E$58)) -> 29.386538 | P56: =(1-E56)*(D56/O56)*LN(D56/O56) -> -0.1599118
A57: Đồng Nai | B57: 2017 | C57: ='1_Du_lieu'!C66 -> ĐNB | D57: ='1_Du_lieu'!E66 -> 36.7 | E57: =IF(OR(A57="Hà Nội",A57="TP. Hồ Chí Minh"),1,0) -> 0 | F57: =AVERAGE($D$5:$D$58) -> 31.157407 | G57: =COUNT($D$5:$D$58) -> 54 | H57: =_xlfn.RANK.AVG(D57,$D$5:$D$58,1) -> 46 | I57: =H57*D57 -> 1688.2 | J57: =D57/F57 -> 1.17789 | K57: =LN(J57) -> 0.16372474 | L57: =J57*K57 -> 0.19284974 | M57: =LN(F57/D57) -> -0.16372474 | N57: =LN(D57) -> 3.6027768 | O57: =SUMPRODUCT((1-$E$5:$E$58)*$D$5:$D$58)/(G57-SUM($E$5:$E$58)) -> 29.386538 | P57: =(1-E57)*(D57/O57)*LN(D57/O57) -> 0.2775492
A58: Đồng Tháp | B58: 2017 | C58: ='1_Du_lieu'!C67 -> ĐBSCL | D58: ='1_Du_lieu'!E67 -> 26.9 | E58: =IF(OR(A58="Hà Nội",A58="TP. Hồ Chí Minh"),1,0) -> 0 | F58: =AVERAGE($D$5:$D$58) -> 31.157407 | G58: =COUNT($D$5:$D$58) -> 54 | H58: =_xlfn.RANK.AVG(D58,$D$5:$D$58,1) -> 19 | I58: =H58*D58 -> 511.1 | J58: =D58/F58 -> 0.8633581 | K58: =LN(J58) -> -0.14692573 | L58: =J58*K58 -> -0.12684952 | M58: =LN(F58/D58) -> 0.14692573 | N58: =LN(D58) -> 3.2921263 | O58: =SUMPRODUCT((1-$E$5:$E$58)*$D$5:$D$58)/(G58-SUM($E$5:$E$58)) -> 29.386538 | P58: =(1-E58)*(D58/O58)*LN(D58/O58) -> -0.080929571
A59: An Giang | B59: 2018 | C59: ='1_Du_lieu'!C68 -> ĐBSCL | D59: ='1_Du_lieu'!E68 -> 32.5 | E59: =IF(OR(A59="Hà Nội",A59="TP. Hồ Chí Minh"),1,0) -> 0 | F59: =AVERAGE($D$59:$D$112) -> 37.527778 | G59: =COUNT($D$59:$D$112) -> 54 | H59: =_xlfn.RANK.AVG(D59,$D$59:$D$112,1) -> 16 | I59: =H59*D59 -> 520 | J59: =D59/F59 -> 0.86602517 | K59: =LN(J59) -> -0.14384131 | L59: =J59*K59 -> -0.12457019 | M59: =LN(F59/D59) -> 0.14384131 | N59: =LN(D59) -> 3.4812401 | O59: =SUMPRODUCT((1-$E$59:$E$112)*$D$59:$D$112)/(G59-SUM($E$59:$E$112)) -> 35.857692 | P59: =(1-E59)*(D59/O59)*LN(D59/O59) -> -0.089111585
A60: Bà Rịa - Vũng Tàu | B60: 2018 | C60: ='1_Du_lieu'!C69 -> ĐNB | D60: ='1_Du_lieu'!E69 -> 44.4 | E60: =IF(OR(A60="Hà Nội",A60="TP. Hồ Chí Minh"),1,0) -> 0 | F60: =AVERAGE($D$59:$D$112) -> 37.527778 | G60: =COUNT($D$59:$D$112) -> 54 | H60: =_xlfn.RANK.AVG(D60,$D$59:$D$112,1) -> 47 | I60: =H60*D60 -> 2086.8 | J60: =D60/F60 -> 1.1831236 | K60: =LN(J60) -> 0.16815807 | L60: =J60*K60 -> 0.19895178 | M60: =LN(F60/D60) -> -0.16815807 | N60: =LN(D60) -> 3.7932395 | O60: =SUMPRODUCT((1-$E$59:$E$112)*$D$59:$D$112)/(G60-SUM($E$59:$E$112)) -> 35.857692 | P60: =(1-E60)*(D60/O60)*LN(D60/O60) -> 0.26458625
A61: Bình Dương | B61: 2018 | C61: ='1_Du_lieu'!C70 -> ĐNB | D61: ='1_Du_lieu'!E70 -> 50.4 | E61: =IF(OR(A61="Hà Nội",A61="TP. Hồ Chí Minh"),1,0) -> 0 | F61: =AVERAGE($D$59:$D$112) -> 37.527778 | G61: =COUNT($D$59:$D$112) -> 54 | H61: =_xlfn.RANK.AVG(D61,$D$59:$D$112,1) -> 50 | I61: =H61*D61 -> 2520 | J61: =D61/F61 -> 1.3430052 | K61: =LN(J61) -> 0.29490978 | L61: =J61*K61 -> 0.39606536 | M61: =LN(F61/D61) -> -0.29490978 | N61: =LN(D61) -> 3.9199912 | O61: =SUMPRODUCT((1-$E$59:$E$112)*$D$59:$D$112)/(G61-SUM($E$59:$E$112)) -> 35.857692 | P61: =(1-E61)*(D61/O61)*LN(D61/O61) -> 0.47849778
A62: Bình Phước | B62: 2018 | C62: ='1_Du_lieu'!C71 -> ĐNB | D62: ='1_Du_lieu'!E71 -> 27.8 | E62: =IF(OR(A62="Hà Nội",A62="TP. Hồ Chí Minh"),1,0) -> 0 | F62: =AVERAGE($D$59:$D$112) -> 37.527778 | G62: =COUNT($D$59:$D$112) -> 54 | H62: =_xlfn.RANK.AVG(D62,$D$59:$D$112,1) -> 4 | I62: =H62*D62 -> 111.2 | J62: =D62/F62 -> 0.7407846 | K62: =LN(J62) -> -0.30004538 | L62: =J62*K62 -> -0.222269 | M62: =LN(F62/D62) -> 0.30004538 | N62: =LN(D62) -> 3.325036 | O62: =SUMPRODUCT((1-$E$59:$E$112)*$D$59:$D$112)/(G62-SUM($E$59:$E$112)) -> 35.857692 | P62: =(1-E62)*(D62/O62)*LN(D62/O62) -> -0.19732765
A63: Bình Thuận | B63: 2018 | C63: ='1_Du_lieu'!C72 -> BTB&DHMT | D63: ='1_Du_lieu'!E72 -> 34.4 | E63: =IF(OR(A63="Hà Nội",A63="TP. Hồ Chí Minh"),1,0) -> 0 | F63: =AVERAGE($D$59:$D$112) -> 37.527778 | G63: =COUNT($D$59:$D$112) -> 54 | H63: =_xlfn.RANK.AVG(D63,$D$59:$D$112,1) -> 25 | I63: =H63*D63 -> 860 | J63: =D63/F63 -> 0.91665433 | K63: =LN(J63) -> -0.087024835 | L63: =J63*K63 -> -0.079771692 | M63: =LN(F63/D63) -> 0.087024835 | N63: =LN(D63) -> 3.5380566 | O63: =SUMPRODUCT((1-$E$59:$E$112)*$D$59:$D$112)/(G63-SUM($E$59:$E$112)) -> 35.857692 | P63: =(1-E63)*(D63/O63)*LN(D63/O63) -> -0.039814422
A64: Bình Định | B64: 2018 | C64: ='1_Du_lieu'!C73 -> BTB&DHMT | D64: ='1_Du_lieu'!E73 -> 36.8 | E64: =IF(OR(A64="Hà Nội",A64="TP. Hồ Chí Minh"),1,0) -> 0 | F64: =AVERAGE($D$59:$D$112) -> 37.527778 | G64: =COUNT($D$59:$D$112) -> 54 | H64: =_xlfn.RANK.AVG(D64,$D$59:$D$112,1) -> 36 | I64: =H64*D64 -> 1324.8 | J64: =D64/F64 -> 0.98060696 | K64: =LN(J64) -> -0.019583554 | L64: =J64*K64 -> -0.01920377 | M64: =LN(F64/D64) -> 0.019583554 | N64: =LN(D64) -> 3.6054978 | O64: =SUMPRODUCT((1-$E$59:$E$112)*$D$59:$D$112)/(G64-SUM($E$59:$E$112)) -> 35.857692 | P64: =(1-E64)*(D64/O64)*LN(D64/O64) -> 0.026621405
A65: Bắc Giang | B65: 2018 | C65: ='1_Du_lieu'!C75 -> TDMNPB | D65: ='1_Du_lieu'!E75 -> 40.8 | E65: =IF(OR(A65="Hà Nội",A65="TP. Hồ Chí Minh"),1,0) -> 0 | F65: =AVERAGE($D$59:$D$112) -> 37.527778 | G65: =COUNT($D$59:$D$112) -> 54 | H65: =_xlfn.RANK.AVG(D65,$D$59:$D$112,1) -> 43 | I65: =H65*D65 -> 1754.4 | J65: =D65/F65 -> 1.0871947 | K65: =LN(J65) -> 0.083600682 | L65: =J65*K65 -> 0.090890216 | M65: =LN(F65/D65) -> -0.083600682 | N65: =LN(D65) -> 3.7086821 | O65: =SUMPRODUCT((1-$E$59:$E$112)*$D$59:$D$112)/(G65-SUM($E$59:$E$112)) -> 35.857692 | P65: =(1-E65)*(D65/O65)*LN(D65/O65) -> 0.14692128
A66: Bắc Kạn | B66: 2018 | C66: ='1_Du_lieu'!C76 -> TDMNPB | D66: ='1_Du_lieu'!E76 -> 26 | E66: =IF(OR(A66="Hà Nội",A66="TP. Hồ Chí Minh"),1,0) -> 0 | F66: =AVERAGE($D$59:$D$112) -> 37.527778 | G66: =COUNT($D$59:$D$112) -> 54 | H66: =_xlfn.RANK.AVG(D66,$D$59:$D$112,1) -> 1 | I66: =H66*D66 -> 26 | J66: =D66/F66 -> 0.69282013 | K66: =LN(J66) -> -0.36698486 | L66: =J66*K66 -> -0.2542545 | M66: =LN(F66/D66) -> 0.36698486 | N66: =LN(D66) -> 3.2580965 | O66: =SUMPRODUCT((1-$E$59:$E$112)*$D$59:$D$112)/(G66-SUM($E$59:$E$112)) -> 35.857692 | P66: =(1-E66)*(D66/O66)*LN(D66/O66) -> -0.23308809
A67: Bắc Ninh | B67: 2018 | C67: ='1_Du_lieu'!C77 -> ĐBSH | D67: ='1_Du_lieu'!E77 -> 46.3 | E67: =IF(OR(A67="Hà Nội",A67="TP. Hồ Chí Minh"),1,0) -> 0 | F67: =AVERAGE($D$59:$D$112) -> 37.527778 | G67: =COUNT($D$59:$D$112) -> 54 | H67: =_xlfn.RANK.AVG(D67,$D$59:$D$112,1) -> 48 | I67: =H67*D67 -> 2222.4 | J67: =D67/F67 -> 1.2337528 | K67: =LN(J67) -> 0.21006056 | L67: =J67*K67 -> 0.2591628 | M67: =LN(F67/D67) -> -0.21006056 | N67: =LN(D67) -> 3.835142 | O67: =SUMPRODUCT((1-$E$59:$E$112)*$D$59:$D$112)/(G67-SUM($E$59:$E$112)) -> 35.857692 | P67: =(1-E67)*(D67/O67)*LN(D67/O67) -> 0.33001377
A68: Bến Tre | B68: 2018 | C68: ='1_Du_lieu'!C78 -> ĐBSCL | D68: ='1_Du_lieu'!E78 -> 35.6 | E68: =IF(OR(A68="Hà Nội",A68="TP. Hồ Chí Minh"),1,0) -> 0 | F68: =AVERAGE($D$59:$D$112) -> 37.527778 | G68: =COUNT($D$59:$D$112) -> 54 | H68: =_xlfn.RANK.AVG(D68,$D$59:$D$112,1) -> 29 | I68: =H68*D68 -> 1032.4 | J68: =D68/F68 -> 0.94863064 | K68: =LN(J68) -> -0.052735762 | L68: =J68*K68 -> -0.05002676 | M68: =LN(F68/D68) -> 0.052735762 | N68: =LN(D68) -> 3.5723456 | O68: =SUMPRODUCT((1-$E$59:$E$112)*$D$59:$D$112)/(G68-SUM($E$59:$E$112)) -> 35.857692 | P68: =(1-E68)*(D68/O68)*LN(D68/O68) -> -0.0071606428
A69: Cần Thơ | B69: 2018 | C69: ='1_Du_lieu'!C81 -> ĐBSCL | D69: ='1_Du_lieu'!E81 -> 41.1 | E69: =IF(OR(A69="Hà Nội",A69="TP. Hồ Chí Minh"),1,0) -> 0 | F69: =AVERAGE($D$59:$D$112) -> 37.527778 | G69: =COUNT($D$59:$D$112) -> 54 | H69: =_xlfn.RANK.AVG(D69,$D$59:$D$112,1) -> 44 | I69: =H69*D69 -> 1808.4 | J69: =D69/F69 -> 1.0951887 | K69: =LN(J69) -> 0.090926722 | L69: =J69*K69 -> 0.099581923 | M69: =LN(F69/D69) -> -0.090926722 | N69: =LN(D69) -> 3.7160081 | O69: =SUMPRODUCT((1-$E$59:$E$112)*$D$59:$D$112)/(G69-SUM($E$59:$E$112)) -> 35.857692 | P69: =(1-E69)*(D69/O69)*LN(D69/O69) -> 0.15639867
A70: Gia Lai | B70: 2018 | C70: ='1_Du_lieu'!C82 -> TN | D70: ='1_Du_lieu'!E82 -> 30.1 | E70: =IF(OR(A70="Hà Nội",A70="TP. Hồ Chí Minh"),1,0) -> 0 | F70: =AVERAGE($D$59:$D$112) -> 37.527778 | G70: =COUNT($D$59:$D$112) -> 54 | H70: =_xlfn.RANK.AVG(D70,$D$59:$D$112,1) -> 11.5 | I70: =H70*D70 -> 346.15 | J70: =D70/F70 -> 0.80207254 | K70: =LN(J70) -> -0.22055623 | L70: =J70*K70 -> -0.17690209 | M70: =LN(F70/D70) -> 0.22055623 | N70: =LN(D70) -> 3.4045252 | O70: =SUMPRODUCT((1-$E$59:$E$112)*$D$59:$D$112)/(G70-SUM($E$59:$E$112)) -> 35.857692 | P70: =(1-E70)*(D70/O70)*LN(D70/O70) -> -0.14692779
A71: Hà Nam | B71: 2018 | C71: ='1_Du_lieu'!C84 -> ĐBSH | D71: ='1_Du_lieu'!E84 -> 35 | E71: =IF(OR(A71="Hà Nội",A71="TP. Hồ Chí Minh"),1,0) -> 0 | F71: =AVERAGE($D$59:$D$112) -> 37.527778 | G71: =COUNT($D$59:$D$112) -> 54 | H71: =_xlfn.RANK.AVG(D71,$D$59:$D$112,1) -> 27 | I71: =H71*D71 -> 945 | J71: =D71/F71 -> 0.93264249 | K71: =LN(J71) -> -0.069733338 | L71: =J71*K71 -> -0.065036274 | M71: =LN(F71/D71) -> 0.069733338 | N71: =LN(D71) -> 3.5553481 | O71: =SUMPRODUCT((1-$E$59:$E$112)*$D$59:$D$112)/(G71-SUM($E$59:$E$112)) -> 35.857692 | P71: =(1-E71)*(D71/O71)*LN(D71/O71) -> -0.023630963
A72: Hà Nội | B72: 2018 | C72: ='1_Du_lieu'!C85 -> ĐBSH | D72: ='1_Du_lieu'!E85 -> 79.8 | E72: =IF(OR(A72="Hà Nội",A72="TP. Hồ Chí Minh"),1,0) -> 1 | F72: =AVERAGE($D$59:$D$112) -> 37.527778 | G72: =COUNT($D$59:$D$112) -> 54 | H72: =_xlfn.RANK.AVG(D72,$D$59:$D$112,1) -> 53 | I72: =H72*D72 -> 4229.4 | J72: =D72/F72 -> 2.1264249 | K72: =LN(J72) -> 0.7544421 | L72: =J72*K72 -> 1.6042645 | M72: =LN(F72/D72) -> -0.7544421 | N72: =LN(D72) -> 4.3795235 | O72: =SUMPRODUCT((1-$E$59:$E$112)*$D$59:$D$112)/(G72-SUM($E$59:$E$112)) -> 35.857692 | P72: =(1-E72)*(D72/O72)*LN(D72/O72) -> 0
A73: Hà Tĩnh | B73: 2018 | C73: ='1_Du_lieu'!C86 -> BTB&DHMT | D73: ='1_Du_lieu'!E86 -> 33.7 | E73: =IF(OR(A73="Hà Nội",A73="TP. Hồ Chí Minh"),1,0) -> 0 | F73: =AVERAGE($D$59:$D$112) -> 37.527778 | G73: =COUNT($D$59:$D$112) -> 54 | H73: =_xlfn.RANK.AVG(D73,$D$59:$D$112,1) -> 21 | I73: =H73*D73 -> 707.7 | J73: =D73/F73 -> 0.89800148 | K73: =LN(J73) -> -0.10758356 | L73: =J73*K73 -> -0.096610198 | M73: =LN(F73/D73) -> 0.10758356 | N73: =LN(D73) -> 3.5174978 | O73: =SUMPRODUCT((1-$E$59:$E$112)*$D$59:$D$112)/(G73-SUM($E$59:$E$112)) -> 35.857692 | P73: =(1-E73)*(D73/O73)*LN(D73/O73) -> -0.058325876
A74: Hòa Bình | B74: 2018 | C74: ='1_Du_lieu'!C87 -> TDMNPB | D74: ='1_Du_lieu'!E87 -> 31.1 | E74: =IF(OR(A74="Hà Nội",A74="TP. Hồ Chí Minh"),1,0) -> 0 | F74: =AVERAGE($D$59:$D$112) -> 37.527778 | G74: =COUNT($D$59:$D$112) -> 54 | H74: =_xlfn.RANK.AVG(D74,$D$59:$D$112,1) -> 14 | I74: =H74*D74 -> 435.4 | J74: =D74/F74 -> 0.82871947 | K74: =LN(J74) -> -0.18787358 | L74: =J74*K74 -> -0.15569449 | M74: =LN(F74/D74) -> 0.18787358 | N74: =LN(D74) -> 3.4372078 | O74: =SUMPRODUCT((1-$E$59:$E$112)*$D$59:$D$112)/(G74-SUM($E$59:$E$112)) -> 35.857692 | P74: =(1-E74)*(D74/O74)*LN(D74/O74) -> -0.12346289
A75: Hưng Yên | B75: 2018 | C75: ='1_Du_lieu'!C88 -> ĐBSH | D75: ='1_Du_lieu'!E88 -> 34.7 | E75: =IF(OR(A75="Hà Nội",A75="TP. Hồ Chí Minh"),1,0) -> 0 | F75: =AVERAGE($D$59:$D$112) -> 37.527778 | G75: =COUNT($D$59:$D$112) -> 54 | H75: =_xlfn.RANK.AVG(D75,$D$59:$D$112,1) -> 26 | I75: =H75*D75 -> 902.2 | J75: =D75/F75 -> 0.92464841 | K75: =LN(J75) -> -0.078341713 | L75: =J75*K75 -> -0.07243854 | M75: =LN(F75/D75) -> 0.078341713 | N75: =LN(D75) -> 3.5467397 | O75: =SUMPRODUCT((1-$E$59:$E$112)*$D$59:$D$112)/(G75-SUM($E$59:$E$112)) -> 35.857692 | P75: =(1-E75)*(D75/O75)*LN(D75/O75) -> -0.031758859
A76: Hải Dương | B76: 2018 | C76: ='1_Du_lieu'!C89 -> ĐBSH | D76: ='1_Du_lieu'!E89 -> 43.1 | E76: =IF(OR(A76="Hà Nội",A76="TP. Hồ Chí Minh"),1,0) -> 0 | F76: =AVERAGE($D$59:$D$112) -> 37.527778 | G76: =COUNT($D$59:$D$112) -> 54 | H76: =_xlfn.RANK.AVG(D76,$D$59:$D$112,1) -> 46 | I76: =H76*D76 -> 1982.6 | J76: =D76/F76 -> 1.1484826 | K76: =LN(J76) -> 0.1384416 | L76: =J76*K76 -> 0.15899777 | M76: =LN(F76/D76) -> -0.1384416 | N76: =LN(D76) -> 3.763523 | O76: =SUMPRODUCT((1-$E$59:$E$112)*$D$59:$D$112)/(G76-SUM($E$59:$E$112)) -> 35.857692 | P76: =(1-E76)*(D76/O76)*LN(D76/O76) -> 0.22112094
A77: Hải Phòng | B77: 2018 | C77: ='1_Du_lieu'!C90 -> ĐBSH | D77: ='1_Du_lieu'!E90 -> 54.9 | E77: =IF(OR(A77="Hà Nội",A77="TP. Hồ Chí Minh"),1,0) -> 0 | F77: =AVERAGE($D$59:$D$112) -> 37.527778 | G77: =COUNT($D$59:$D$112) -> 54 | H77: =_xlfn.RANK.AVG(D77,$D$59:$D$112,1) -> 52 | I77: =H77*D77 -> 2854.8 | J77: =D77/F77 -> 1.4629164 | K77: =LN(J77) -> 0.38043195 | L77: =J77*K77 -> 0.55654012 | M77: =LN(F77/D77) -> -0.38043195 | N77: =LN(D77) -> 4.0055133 | O77: =SUMPRODUCT((1-$E$59:$E$112)*$D$59:$D$112)/(G77-SUM($E$59:$E$112)) -> 35.857692 | P77: =(1-E77)*(D77/O77)*LN(D77/O77) -> 0.65215972
A78: Khánh Hòa | B78: 2018 | C78: ='1_Du_lieu'!C92 -> BTB&DHMT | D78: ='1_Du_lieu'!E92 -> 40.3 | E78: =IF(OR(A78="Hà Nội",A78="TP. Hồ Chí Minh"),1,0) -> 0 | F78: =AVERAGE($D$59:$D$112) -> 37.527778 | G78: =COUNT($D$59:$D$112) -> 54 | H78: =_xlfn.RANK.AVG(D78,$D$59:$D$112,1) -> 41.5 | I78: =H78*D78 -> 1672.45 | J78: =D78/F78 -> 1.0738712 | K78: =LN(J78) -> 0.071270069 | L78: =J78*K78 -> 0.076534875 | M78: =LN(F78/D78) -> -0.071270069 | N78: =LN(D78) -> 3.6963515 | O78: =SUMPRODUCT((1-$E$59:$E$112)*$D$59:$D$112)/(G78-SUM($E$59:$E$112)) -> 35.857692 | P78: =(1-E78)*(D78/O78)*LN(D78/O78) -> 0.13126255
A79: Kiên Giang | B79: 2018 | C79: ='1_Du_lieu'!C93 -> ĐBSCL | D79: ='1_Du_lieu'!E93 -> 35.3 | E79: =IF(OR(A79="Hà Nội",A79="TP. Hồ Chí Minh"),1,0) -> 0 | F79: =AVERAGE($D$59:$D$112) -> 37.527778 | G79: =COUNT($D$59:$D$112) -> 54 | H79: =_xlfn.RANK.AVG(D79,$D$59:$D$112,1) -> 28 | I79: =H79*D79 -> 988.4 | J79: =D79/F79 -> 0.94063657 | K79: =LN(J79) -> -0.061198436 | L79: =J79*K79 -> -0.057565486 | M79: =LN(F79/D79) -> 0.061198436 | N79: =LN(D79) -> 3.563883 | O79: =SUMPRODUCT((1-$E$59:$E$112)*$D$59:$D$112)/(G79-SUM($E$59:$E$112)) -> 35.857692 | P79: =(1-E79)*(D79/O79)*LN(D79/O79) -> -0.015431355
A80: Kon Tum | B80: 2018 | C80: ='1_Du_lieu'!C94 -> TN | D80: ='1_Du_lieu'!E94 -> 29 | E80: =IF(OR(A80="Hà Nội",A80="TP. Hồ Chí Minh"),1,0) -> 0 | F80: =AVERAGE($D$59:$D$112) -> 37.527778 | G80: =COUNT($D$59:$D$112) -> 54 | H80: =_xlfn.RANK.AVG(D80,$D$59:$D$112,1) -> 5 | I80: =H80*D80 -> 145 | J80: =D80/F80 -> 0.77276092 | K80: =LN(J80) -> -0.25778557 | L80: =J80*K80 -> -0.19920661 | M80: =LN(F80/D80) -> 0.25778557 | N80: =LN(D80) -> 3.3672958 | O80: =SUMPRODUCT((1-$E$59:$E$112)*$D$59:$D$112)/(G80-SUM($E$59:$E$112)) -> 35.857692 | P80: =(1-E80)*(D80/O80)*LN(D80/O80) -> -0.17166766
A81: Long An | B81: 2018 | C81: ='1_Du_lieu'!C96 -> ĐBSCL | D81: ='1_Du_lieu'!E96 -> 34.2 | E81: =IF(OR(A81="Hà Nội",A81="TP. Hồ Chí Minh"),1,0) -> 0 | F81: =AVERAGE($D$59:$D$112) -> 37.527778 | G81: =COUNT($D$59:$D$112) -> 54 | H81: =_xlfn.RANK.AVG(D81,$D$59:$D$112,1) -> 24 | I81: =H81*D81 -> 820.8 | J81: =D81/F81 -> 0.91132494 | K81: =LN(J81) -> -0.092855755 | L81: =J81*K81 -> -0.084621766 | M81: =LN(F81/D81) -> 0.092855755 | N81: =LN(D81) -> 3.5322256 | O81: =SUMPRODUCT((1-$E$59:$E$112)*$D$59:$D$112)/(G81-SUM($E$59:$E$112)) -> 35.857692 | P81: =(1-E81)*(D81/O81)*LN(D81/O81) -> -0.045144301
A82: Lào Cai | B82: 2018 | C82: ='1_Du_lieu'!C97 -> TDMNPB | D82: ='1_Du_lieu'!E97 -> 33.7 | E82: =IF(OR(A82="Hà Nội",A82="TP. Hồ Chí Minh"),1,0) -> 0 | F82: =AVERAGE($D$59:$D$112) -> 37.527778 | G82: =COUNT($D$59:$D$112) -> 54 | H82: =_xlfn.RANK.AVG(D82,$D$59:$D$112,1) -> 21 | I82: =H82*D82 -> 707.7 | J82: =D82/F82 -> 0.89800148 | K82: =LN(J82) -> -0.10758356 | L82: =J82*K82 -> -0.096610198 | M82: =LN(F82/D82) -> 0.10758356 | N82: =LN(D82) -> 3.5174978 | O82: =SUMPRODUCT((1-$E$59:$E$112)*$D$59:$D$112)/(G82-SUM($E$59:$E$112)) -> 35.857692 | P82: =(1-E82)*(D82/O82)*LN(D82/O82) -> -0.058325876
A83: Lâm Đồng | B83: 2018 | C83: ='1_Du_lieu'!C98 -> TN | D83: ='1_Du_lieu'!E98 -> 35.9 | E83: =IF(OR(A83="Hà Nội",A83="TP. Hồ Chí Minh"),1,0) -> 0 | F83: =AVERAGE($D$59:$D$112) -> 37.527778 | G83: =COUNT($D$59:$D$112) -> 54 | H83: =_xlfn.RANK.AVG(D83,$D$59:$D$112,1) -> 31 | I83: =H83*D83 -> 1112.9 | J83: =D83/F83 -> 0.95662472 | K83: =LN(J83) -> -0.044344104 | L83: =J83*K83 -> -0.042420666 | M83: =LN(F83/D83) -> 0.044344104 | N83: =LN(D83) -> 3.5807373 | O83: =SUMPRODUCT((1-$E$59:$E$112)*$D$59:$D$112)/(G83-SUM($E$59:$E$112)) -> 35.857692 | P83: =(1-E83)*(D83/O83)*LN(D83/O83) -> 0.0011805735
A84: Lạng Sơn | B84: 2018 | C84: ='1_Du_lieu'!C99 -> TDMNPB | D84: ='1_Du_lieu'!E99 -> 27.3 | E84: =IF(OR(A84="Hà Nội",A84="TP. Hồ Chí Minh"),1,0) -> 0 | F84: =AVERAGE($D$59:$D$112) -> 37.527778 | G84: =COUNT($D$59:$D$112) -> 54 | H84: =_xlfn.RANK.AVG(D84,$D$59:$D$112,1) -> 2 | I84: =H84*D84 -> 54.6 | J84: =D84/F84 -> 0.72746114 | K84: =LN(J84) -> -0.3181947 | L84: =J84*K84 -> -0.23147428 | M84: =LN(F84/D84) -> 0.3181947 | N84: =LN(D84) -> 3.3068867 | O84: =SUMPRODUCT((1-$E$59:$E$112)*$D$59:$D$112)/(G84-SUM($E$59:$E$112)) -> 35.857692 | P84: =(1-E84)*(D84/O84)*LN(D84/O84) -> -0.20759645
A85: Nam Định | B85: 2018 | C85: ='1_Du_lieu'!C100 -> ĐBSH | D85: ='1_Du_lieu'!E100 -> 37.8 | E85: =IF(OR(A85="Hà Nội",A85="TP. Hồ Chí Minh"),1,0) -> 0 | F85: =AVERAGE($D$59:$D$112) -> 37.527778 | G85: =COUNT($D$59:$D$112) -> 54 | H85: =_xlfn.RANK.AVG(D85,$D$59:$D$112,1) -> 38 | I85: =H85*D85 -> 1436.4 | J85: =D85/F85 -> 1.0072539 | K85: =LN(J85) -> 0.0072277031 | L85: =J85*K85 -> 0.0072801321 | M85: =LN(F85/D85) -> -0.0072277031 | N85: =LN(D85) -> 3.6323091 | O85: =SUMPRODUCT((1-$E$59:$E$112)*$D$59:$D$112)/(G85-SUM($E$59:$E$112)) -> 35.857692 | P85: =(1-E85)*(D85/O85)*LN(D85/O85) -> 0.055608358
A86: Nghệ An | B86: 2018 | C86: ='1_Du_lieu'!C101 -> BTB&DHMT | D86: ='1_Du_lieu'!E101 -> 38 | E86: =IF(OR(A86="Hà Nội",A86="TP. Hồ Chí Minh"),1,0) -> 0 | F86: =AVERAGE($D$59:$D$112) -> 37.527778 | G86: =COUNT($D$59:$D$112) -> 54 | H86: =_xlfn.RANK.AVG(D86,$D$59:$D$112,1) -> 39 | I86: =H86*D86 -> 1482 | J86: =D86/F86 -> 1.0125833 | K86: =LN(J86) -> 0.01250476 | L86: =J86*K86 -> 0.012662111 | M86: =LN(F86/D86) -> -0.01250476 | N86: =LN(D86) -> 3.6375862 | O86: =SUMPRODUCT((1-$E$59:$E$112)*$D$59:$D$112)/(G86-SUM($E$59:$E$112)) -> 35.857692 | P86: =(1-E86)*(D86/O86)*LN(D86/O86) -> 0.061494916
A87: Ninh Bình | B87: 2018 | C87: ='1_Du_lieu'!C102 -> ĐBSH | D87: ='1_Du_lieu'!E102 -> 36 | E87: =IF(OR(A87="Hà Nội",A87="TP. Hồ Chí Minh"),1,0) -> 0 | F87: =AVERAGE($D$59:$D$112) -> 37.527778 | G87: =COUNT($D$59:$D$112) -> 54 | H87: =_xlfn.RANK.AVG(D87,$D$59:$D$112,1) -> 32 | I87: =H87*D87 -> 1152 | J87: =D87/F87 -> 0.95928942 | K87: =LN(J87) -> -0.041562461 | L87: =J87*K87 -> -0.039870429 | M87: =LN(F87/D87) -> 0.041562461 | N87: =LN(D87) -> 3.5835189 | O87: =SUMPRODUCT((1-$E$59:$E$112)*$D$59:$D$112)/(G87-SUM($E$59:$E$112)) -> 35.857692 | P87: =(1-E87)*(D87/O87)*LN(D87/O87) -> 0.0039765444
A88: Ninh Thuận | B88: 2018 | C88: ='1_Du_lieu'!C103 -> BTB&DHMT | D88: ='1_Du_lieu'!E103 -> 31.6 | E88: =IF(OR(A88="Hà Nội",A88="TP. Hồ Chí Minh"),1,0) -> 0 | F88: =AVERAGE($D$59:$D$112) -> 37.527778 | G88: =COUNT($D$59:$D$112) -> 54 | H88: =_xlfn.RANK.AVG(D88,$D$59:$D$112,1) -> 15 | I88: =H88*D88 -> 474 | J88: =D88/F88 -> 0.84204293 | K88: =LN(J88) -> -0.17192428 | L88: =J88*K88 -> -0.14476762 | M88: =LN(F88/D88) -> 0.17192428 | N88: =LN(D88) -> 3.4531571 | O88: =SUMPRODUCT((1-$E$59:$E$112)*$D$59:$D$112)/(G88-SUM($E$59:$E$112)) -> 35.857692 | P88: =(1-E88)*(D88/O88)*LN(D88/O88) -> -0.11139232
A89: Phú Thọ | B89: 2018 | C89: ='1_Du_lieu'!C104 -> TDMNPB | D89: ='1_Du_lieu'!E104 -> 36.7 | E89: =IF(OR(A89="Hà Nội",A89="TP. Hồ Chí Minh"),1,0) -> 0 | F89: =AVERAGE($D$59:$D$112) -> 37.527778 | G89: =COUNT($D$59:$D$112) -> 54 | H89: =_xlfn.RANK.AVG(D89,$D$59:$D$112,1) -> 35 | I89: =H89*D89 -> 1284.5 | J89: =D89/F89 -> 0.97794226 | K89: =LN(J89) -> -0.022304644 | L89: =J89*K89 -> -0.021812655 | M89: =LN(F89/D89) -> 0.022304644 | N89: =LN(D89) -> 3.6027768 | O89: =SUMPRODUCT((1-$E$59:$E$112)*$D$59:$D$112)/(G89-SUM($E$59:$E$112)) -> 35.857692 | P89: =(1-E89)*(D89/O89)*LN(D89/O89) -> 0.023764054
A90: Phú Yên | B90: 2018 | C90: ='1_Du_lieu'!C105 -> BTB&DHMT | D90: ='1_Du_lieu'!E105 -> 33.1 | E90: =IF(OR(A90="Hà Nội",A90="TP. Hồ Chí Minh"),1,0) -> 0 | F90: =AVERAGE($D$59:$D$112) -> 37.527778 | G90: =COUNT($D$59:$D$112) -> 54 | H90: =_xlfn.RANK.AVG(D90,$D$59:$D$112,1) -> 18 | I90: =H90*D90 -> 595.8 | J90: =D90/F90 -> 0.88201332 | K90: =LN(J90) -> -0.12554812 | L90: =J90*K90 -> -0.11073511 | M90: =LN(F90/D90) -> 0.12554812 | N90: =LN(D90) -> 3.4995333 | O90: =SUMPRODUCT((1-$E$59:$E$112)*$D$59:$D$112)/(G90-SUM($E$59:$E$112)) -> 35.857692 | P90: =(1-E90)*(D90/O90)*LN(D90/O90) -> -0.073870395
A91: Quảng Bình | B91: 2018 | C91: ='1_Du_lieu'!C106 -> BTB&DHMT | D91: ='1_Du_lieu'!E106 -> 30.1 | E91: =IF(OR(A91="Hà Nội",A91="TP. Hồ Chí Minh"),1,0) -> 0 | F91: =AVERAGE($D$59:$D$112) -> 37.527778 | G91: =COUNT($D$59:$D$112) -> 54 | H91: =_xlfn.RANK.AVG(D91,$D$59:$D$112,1) -> 11.5 | I91: =H91*D91 -> 346.15 | J91: =D91/F91 -> 0.80207254 | K91: =LN(J91) -> -0.22055623 | L91: =J91*K91 -> -0.17690209 | M91: =LN(F91/D91) -> 0.22055623 | N91: =LN(D91) -> 3.4045252 | O91: =SUMPRODUCT((1-$E$59:$E$112)*$D$59:$D$112)/(G91-SUM($E$59:$E$112)) -> 35.857692 | P91: =(1-E91)*(D91/O91)*LN(D91/O91) -> -0.14692779
A92: Quảng Nam | B92: 2018 | C92: ='1_Du_lieu'!C107 -> BTB&DHMT | D92: ='1_Du_lieu'!E107 -> 37.1 | E92: =IF(OR(A92="Hà Nội",A92="TP. Hồ Chí Minh"),1,0) -> 0 | F92: =AVERAGE($D$59:$D$112) -> 37.527778 | G92: =COUNT($D$59:$D$112) -> 54 | H92: =_xlfn.RANK.AVG(D92,$D$59:$D$112,1) -> 37 | I92: =H92*D92 -> 1372.7 | J92: =D92/F92 -> 0.98860104 | K92: =LN(J92) -> -0.01146443 | L92: =J92*K92 -> -0.011333747 | M92: =LN(F92/D92) -> 0.01146443 | N92: =LN(D92) -> 3.613617 | O92: =SUMPRODUCT((1-$E$59:$E$112)*$D$59:$D$112)/(G92-SUM($E$59:$E$112)) -> 35.857692 | P92: =(1-E92)*(D92/O92)*LN(D92/O92) -> 0.035238842
... A95: Quảng Trị | B95: 2018 | C95: ='1_Du_lieu'!C110 -> BTB&DHMT | D95: ='1_Du_lieu'!E110 -> 29.1 | E95: =IF(OR(A95="Hà Nội",A95="TP. Hồ Chí Minh"),1,0) -> 0 | F95: =AVERAGE($D$59:$D$112) -> 37.527778 | G95: =COUNT($D$59:$D$112) -> 54 | H95: =_xlfn.RANK.AVG(D95,$D$59:$D$112,1) -> 6 | I95: =H95*D95 -> 174.6 | J95: =D95/F95 -> 0.77542561 | K95: =LN(J95) -> -0.25434323 | L95: =J95*K95 -> -0.19722425 | M95: =LN(F95/D95) -> 0.25434323 | N95: =LN(D95) -> 3.3707382 | O95: =SUMPRODUCT((1-$E$59:$E$112)*$D$59:$D$112)/(G95-SUM($E$59:$E$112)) -> 35.857692 | P95: =(1-E95)*(D95/O95)*LN(D95/O95) -> -0.16946602
A96: TP. Hồ Chí Minh | B96: 2018 | C96: ='1_Du_lieu'!C113 -> ĐNB | D96: ='1_Du_lieu'!E113 -> 82.1 | E96: =IF(OR(A96="Hà Nội",A96="TP. Hồ Chí Minh"),1,0) -> 1 | F96: =AVERAGE($D$59:$D$112) -> 37.527778 | G96: =COUNT($D$59:$D$112) -> 54 | H96: =_xlfn.RANK.AVG(D96,$D$59:$D$112,1) -> 54 | I96: =H96*D96 -> 4433.4 | J96: =D96/F96 -> 2.1877128 | K96: =LN(J96) -> 0.78285662 | L96: =J96*K96 -> 1.7126654 | M96: =LN(F96/D96) -> -0.78285662 | N96: =LN(D96) -> 4.407938 | O96: =SUMPRODUCT((1-$E$59:$E$112)*$D$59:$D$112)/(G96-SUM($E$59:$E$112)) -> 35.857692 | P96: =(1-E96)*(D96/O96)*LN(D96/O96) -> 0
A97: Thanh Hóa | B97: 2018 | C97: ='1_Du_lieu'!C114 -> BTB&DHMT | D97: ='1_Du_lieu'!E114 -> 36.4 | E97: =IF(OR(A97="Hà Nội",A97="TP. Hồ Chí Minh"),1,0) -> 0 | F97: =AVERAGE($D$59:$D$112) -> 37.527778 | G97: =COUNT($D$59:$D$112) -> 54 | H97: =_xlfn.RANK.AVG(D97,$D$59:$D$112,1) -> 33 | I97: =H97*D97 -> 1201.2 | J97: =D97/F97 -> 0.96994819 | K97: =LN(J97) -> -0.030512625 | L97: =J97*K97 -> -0.029595665 | M97: =LN(F97/D97) -> 0.030512625 | N97: =LN(D97) -> 3.5945688 | O97: =SUMPRODUCT((1-$E$59:$E$112)*$D$59:$D$112)/(G97-SUM($E$59:$E$112)) -> 35.857692 | P97: =(1-E97)*(D97/O97)*LN(D97/O97) -> 0.015237681
A98: Thái Bình | B98: 2018 | C98: ='1_Du_lieu'!C115 -> ĐBSH | D98: ='1_Du_lieu'!E115 -> 35.8 | E98: =IF(OR(A98="Hà Nội",A98="TP. Hồ Chí Minh"),1,0) -> 0 | F98: =AVERAGE($D$59:$D$112) -> 37.527778 | G98: =COUNT($D$59:$D$112) -> 54 | H98: =_xlfn.RANK.AVG(D98,$D$59:$D$112,1) -> 30 | I98: =H98*D98 -> 1074 | J98: =D98/F98 -> 0.95396003 | K98: =LN(J98) -> -0.047133506 | L98: =J98*K98 -> -0.044963481 | M98: =LN(F98/D98) -> 0.047133506 | N98: =LN(D98) -> 3.5779479 | O98: =SUMPRODUCT((1-$E$59:$E$112)*$D$59:$D$112)/(G98-SUM($E$59:$E$112)) -> 35.857692 | P98: =(1-E98)*(D98/O98)*LN(D98/O98) -> -0.0016076292
A99: Thái Nguyên | B99: 2018 | C99: ='1_Du_lieu'!C116 -> TDMNPB | D99: ='1_Du_lieu'!E116 -> 33.1 | E99: =IF(OR(A99="Hà Nội",A99="TP. Hồ Chí Minh"),1,0) -> 0 | F99: =AVERAGE($D$59:$D$112) -> 37.527778 | G99: =COUNT($D$59:$D$112) -> 54 | H99: =_xlfn.RANK.AVG(D99,$D$59:$D$112,1) -> 18 | I99: =H99*D99 -> 595.8 | J99: =D99/F99 -> 0.88201332 | K99: =LN(J99) -> -0.12554812 | L99: =J99*K99 -> -0.11073511 | M99: =LN(F99/D99) -> 0.12554812 | N99: =LN(D99) -> 3.4995333 | O99: =SUMPRODUCT((1-$E$59:$E$112)*$D$59:$D$112)/(G99-SUM($E$59:$E$112)) -> 35.857692 | P99: =(1-E99)*(D99/O99)*LN(D99/O99) -> -0.073870395
A100: Thừa Thiên Huế | B100: 2018 | C100: ='1_Du_lieu'!C117 -> BTB&DHMT | D100: ='1_Du_lieu'!E117 -> 38.3 | E100: =IF(OR(A100="Hà Nội",A100="TP. Hồ Chí Minh"),1,0) -> 0 | F100: =AVERAGE($D$59:$D$112) -> 37.527778 | G100: =COUNT($D$59:$D$112) -> 54 | H100: =_xlfn.RANK.AVG(D100,$D$59:$D$112,1) -> 40 | I100: =H100*D100 -> 1532 | J100: =D100/F100 -> 1.0205774 | K100: =LN(J100) -> 0.020368497 | L100: =J100*K100 -> 0.020787626 | M100: =LN(F100/D100) -> -0.020368497 | N100: =LN(D100) -> 3.6454499 | O100: =SUMPRODUCT((1-$E$59:$E$112)*$D$59:$D$112)/(G100-SUM($E$59:$E$112)) -> 35.857692 | P100: =(1-E100)*(D100/O100)*LN(D100/O100) -> 0.070379746
A101: Tiền Giang | B101: 2018 | C101: ='1_Du_lieu'!C118 -> ĐBSCL | D101: ='1_Du_lieu'!E118 -> 33.7 | E101: =IF(OR(A101="Hà Nội",A101="TP. Hồ Chí Minh"),1,0) -> 0 | F101: =AVERAGE($D$59:$D$112) -> 37.527778 | G101: =COUNT($D$59:$D$112) -> 54 | H101: =_xlfn.RANK.AVG(D101,$D$59:$D$112,1) -> 21 | I101: =H101*D101 -> 707.7 | J101: =D101/F101 -> 0.89800148 | K101: =LN(J101) -> -0.10758356 | L101: =J101*K101 -> -0.096610198 | M101: =LN(F101/D101) -> 0.10758356 | N101: =LN(D101) -> 3.5174978 | O101: =SUMPRODUCT((1-$E$59:$E$112)*$D$59:$D$112)/(G101-SUM($E$59:$E$112)) -> 35.857692 | P101: =(1-E101)*(D101/O101)*LN(D101/O101) -> -0.058325876
A102: Trà Vinh | B102: 2018 | C102: ='1_Du_lieu'!C119 -> ĐBSCL | D102: ='1_Du_lieu'!E119 -> 29.2 | E102: =IF(OR(A102="Hà Nội",A102="TP. Hồ Chí Minh"),1,0) -> 0 | F102: =AVERAGE($D$59:$D$112) -> 37.527778 | G102: =COUNT($D$59:$D$112) -> 54 | H102: =_xlfn.RANK.AVG(D102,$D$59:$D$112,1) -> 7 | I102: =H102*D102 -> 204.4 | J102: =D102/F102 -> 0.7780903 | K102: =LN(J102) -> -0.25091269 | L102: =J102*K102 -> -0.19523273 | M102: =LN(F102/D102) -> 0.25091269 | N102: =LN(D102) -> 3.3741687 | O102: =SUMPRODUCT((1-$E$59:$E$112)*$D$59:$D$112)/(G102-SUM($E$59:$E$112)) -> 35.857692 | P102: =(1-E102)*(D102/O102)*LN(D102/O102) -> -0.16725478
A103: Tuyên Quang | B103: 2018 | C103: ='1_Du_lieu'!C120 -> TDMNPB | D103: ='1_Du_lieu'!E120 -> 27.4 | E103: =IF(OR(A103="Hà Nội",A103="TP. Hồ Chí Minh"),1,0) -> 0 | F103: =AVERAGE($D$59:$D$112) -> 37.527778 | G103: =COUNT($D$59:$D$112) -> 54 | H103: =_xlfn.RANK.AVG(D103,$D$59:$D$112,1) -> 3 | I103: =H103*D103 -> 82.2 | J103: =D103/F103 -> 0.73012583 | K103: =LN(J103) -> -0.31453839 | L103: =J103*K103 -> -0.2296526 | M103: =LN(F103/D103) -> 0.31453839 | N103: =LN(D103) -> 3.310543 | O103: =SUMPRODUCT((1-$E$59:$E$112)*$D$59:$D$112)/(G103-SUM($E$59:$E$112)) -> 35.857692 | P103: =(1-E103)*(D103/O103)*LN(D103/O103) -> -0.20556297
A104: Tây Ninh | B104: 2018 | C104: ='1_Du_lieu'!C121 -> ĐNB | D104: ='1_Du_lieu'!E121 -> 36.6 | E104: =IF(OR(A104="Hà Nội",A104="TP. Hồ Chí Minh"),1,0) -> 0 | F104: =AVERAGE($D$59:$D$112) -> 37.527778 | G104: =COUNT($D$59:$D$112) -> 54 | H104: =_xlfn.RANK.AVG(D104,$D$59:$D$112,1) -> 34 | I104: =H104*D104 -> 1244.4 | J104: =D104/F104 -> 0.97527757 | K104: =LN(J104) -> -0.025033159 | L104: =J104*K104 -> -0.024414279 | M104: =LN(F104/D104) -> 0.025033159 | N104: =LN(D104) -> 3.6000482 | O104: =SUMPRODUCT((1-$E$59:$E$112)*$D$59:$D$112)/(G104-SUM($E$59:$E$112)) -> 35.857692 | P104: =(1-E104)*(D104/O104)*LN(D104/O104) -> 0.020914303
A105: Vĩnh Long | B105: 2018 | C105: ='1_Du_lieu'!C122 -> ĐBSCL | D105: ='1_Du_lieu'!E122 -> 29.7 | E105: =IF(OR(A105="Hà Nội",A105="TP. Hồ Chí Minh"),1,0) -> 0 | F105: =AVERAGE($D$59:$D$112) -> 37.527778 | G105: =COUNT($D$59:$D$112) -> 54 | H105: =_xlfn.RANK.AVG(D105,$D$59:$D$112,1) -> 9 | I105: =H105*D105 -> 267.3 | J105: =D105/F105 -> 0.79141377 | K105: =LN(J105) -> -0.23393435 | L105: =J105*K105 -> -0.18513887 | M105: =LN(F105/D105) -> 0.23393435 | N105: =LN(D105) -> 3.391147 | O105: =SUMPRODUCT((1-$E$59:$E$112)*$D$59:$D$112)/(G105-SUM($E$59:$E$112)) -> 35.857692 | P105: =(1-E105)*(D105/O105)*LN(D105/O105) -> -0.15605602
...

Sheet 5_Bang4_Gini_tru_cot
A1: BẢNG 4. Phân rã Gini theo trụ cột: G(EBI) = Σ S_k·G_k·R_k
A2: Y = Σ w_k·X_k (EBI tái tạo từ trọng số phục hồi). S_k = TB(w_k X_k)/TB(Y); G_k = Gini của w_k X_k; R_k = COVARIANCE.S(w_k X_k, hạng Y/N) / COVARIANCE.S(w_k X_k, hạng w_k X_k/N). Đóng góp % = S·G·R / Σ(S·G·R). Trọng số theo năm ở bảng nhỏ bên phải.
AB3: Trọng số | AC3: NNL&HT | AD3: B2C | AE3: B2B | AF3: G2B
A4: Tỉnh | B4: Năm | C4: NNL&HT | D4: B2C | E4: B2B | F4: G2B | G4: w·NNL&HT | H4: w·B2C | I4: w·B2B | J4: w·G2B | K4: Y tái tạo | L4: hạng Y/N | M4: hạng w·NNL/N | N4: hạng w·B2C/N | O4: hạng w·B2B/N | P4: hạng w·G2B/N | AB4: 2017 | AC4: 0.3 | AD4: 0.3 | AE4: 0.3 | AF4: 0.1
A5: An Giang | B5: 2017 | C5: ='1_Du_lieu'!F5 -> 12.4 | D5: ='1_Du_lieu'!G5 -> 40.4 | E5: ='1_Du_lieu'!H5 -> 14.5 | F5: ='1_Du_lieu'!I5 -> 70.5 | G5: =C5*$AC$4 -> 3.72 | H5: =D5*$AD$4 -> 12.12 | I5: =E5*$AE$4 -> 4.35 | J5: =F5*$AF$4 -> 7.05 | K5: =SUM(G5:J5) -> 27.24 | L5: =_xlfn.RANK.AVG(K5,$K$5:$K$58,1)/54 -> 0.40740741 | M5: =_xlfn.RANK.AVG(G5,$G$5:$G$58,1)/54 -> 0.28703704 | N5: =_xlfn.RANK.AVG(H5,$H$5:$H$58,1)/54 -> 0.60185185 | O5: =_xlfn.RANK.AVG(I5,$I$5:$I$58,1)/54 -> 0.055555556 | P5: =_xlfn.RANK.AVG(J5,$J$5:$J$58,1)/54 -> 0.78703704 | AB5: 2018 | AC5: 0.2 | AD5: 0.35 | AE5: 0.35 | AF5: 0.1
A6: Bà Rịa - Vũng Tàu | B6: 2017 | C6: ='1_Du_lieu'!F6 -> 21.3 | D6: ='1_Du_lieu'!G6 -> 57 | E6: ='1_Du_lieu'!H6 -> 28.6 | F6: ='1_Du_lieu'!I6 -> 57 | G6: =C6*$AC$4 -> 6.39 | H6: =D6*$AD$4 -> 17.1 | I6: =E6*$AE$4 -> 8.58 | J6: =F6*$AF$4 -> 5.7 | K6: =SUM(G6:J6) -> 37.77 | L6: =_xlfn.RANK.AVG(K6,$K$5:$K$58,1)/54 -> 0.88888889 | M6: =_xlfn.RANK.AVG(G6,$G$5:$G$58,1)/54 -> 0.90740741 | N6: =_xlfn.RANK.AVG(H6,$H$5:$H$58,1)/54 -> 0.88888889 | O6: =_xlfn.RANK.AVG(I6,$I$5:$I$58,1)/54 -> 0.88888889 | P6: =_xlfn.RANK.AVG(J6,$J$5:$J$58,1)/54 -> 0.24074074 | AB6: 2019 | AC6: 0.2 | AD6: 0.35 | AE6: 0.35 | AF6: 0.1
A7: Bình Dương | B7: 2017 | C7: ='1_Du_lieu'!F7 -> 21.2 | D7: ='1_Du_lieu'!G7 -> 62.1 | E7: ='1_Du_lieu'!H7 -> 36.7 | F7: ='1_Du_lieu'!I7 -> 69.5 | G7: =C7*$AC$4 -> 6.36 | H7: =D7*$AD$4 -> 18.63 | I7: =E7*$AE$4 -> 11.01 | J7: =F7*$AF$4 -> 6.95 | K7: =SUM(G7:J7) -> 42.95 | L7: =_xlfn.RANK.AVG(K7,$K$5:$K$58,1)/54 -> 0.94444444 | M7: =_xlfn.RANK.AVG(G7,$G$5:$G$58,1)/54 -> 0.88888889 | N7: =_xlfn.RANK.AVG(H7,$H$5:$H$58,1)/54 -> 0.96296296 | O7: =_xlfn.RANK.AVG(I7,$I$5:$I$58,1)/54 -> 0.94444444 | P7: =_xlfn.RANK.AVG(J7,$J$5:$J$58,1)/54 -> 0.75925926 | AB7: 2020 | AC7: 0.2 | AD7: 0.35 | AE7: 0.35 | AF7: 0.1
A8: Bình Phước | B8: 2017 | C8: ='1_Du_lieu'!F8 -> 11 | D8: ='1_Du_lieu'!G8 -> 35 | E8: ='1_Du_lieu'!H8 -> 17.8 | F8: ='1_Du_lieu'!I8 -> 49 | G8: =C8*$AC$4 -> 3.3 | H8: =D8*$AD$4 -> 10.5 | I8: =E8*$AE$4 -> 5.34 | J8: =F8*$AF$4 -> 4.9 | K8: =SUM(G8:J8) -> 24.04 | L8: =_xlfn.RANK.AVG(K8,$K$5:$K$58,1)/54 -> 0.12962963 | M8: =_xlfn.RANK.AVG(G8,$G$5:$G$58,1)/54 -> 0.092592593 | N8: =_xlfn.RANK.AVG(H8,$H$5:$H$58,1)/54 -> 0.33333333 | O8: =_xlfn.RANK.AVG(I8,$I$5:$I$58,1)/54 -> 0.14814815 | P8: =_xlfn.RANK.AVG(J8,$J$5:$J$58,1)/54 -> 0.092592593 | AB8: 2021 | AC8: 0.2 | AD8: 0.4 | AE8: 0.4 | AF8: 0
A9: Bình Thuận | B9: 2017 | C9: ='1_Du_lieu'!F9 -> 14.5 | D9: ='1_Du_lieu'!G9 -> 41.5 | E9: ='1_Du_lieu'!H9 -> 21.9 | F9: ='1_Du_lieu'!I9 -> 60.9 | G9: =C9*$AC$4 -> 4.35 | H9: =D9*$AD$4 -> 12.45 | I9: =E9*$AE$4 -> 6.57 | J9: =F9*$AF$4 -> 6.09 | K9: =SUM(G9:J9) -> 29.46 | L9: =_xlfn.RANK.AVG(K9,$K$5:$K$58,1)/54 -> 0.61111111 | M9: =_xlfn.RANK.AVG(G9,$G$5:$G$58,1)/54 -> 0.52777778 | N9: =_xlfn.RANK.AVG(H9,$H$5:$H$58,1)/54 -> 0.7037037 | O9: =_xlfn.RANK.AVG(I9,$I$5:$I$58,1)/54 -> 0.53703704 | P9: =_xlfn.RANK.AVG(J9,$J$5:$J$58,1)/54 -> 0.44444444 | AB9: 2022 | AC9: 0.2 | AD9: 0.4 | AE9: 0.4 | AF9: 0
A10: Bình Định | B10: 2017 | C10: ='1_Du_lieu'!F10 -> 15.5 | D10: ='1_Du_lieu'!G10 -> 41 | E10: ='1_Du_lieu'!H10 -> 24.4 | F10: ='1_Du_lieu'!I10 -> 56.5 | G10: =C10*$AC$4 -> 4.65 | H10: =D10*$AD$4 -> 12.3 | I10: =E10*$AE$4 -> 7.32 | J10: =F10*$AF$4 -> 5.65 | K10: =SUM(G10:J10) -> 29.92 | L10: =_xlfn.RANK.AVG(K10,$K$5:$K$58,1)/54 -> 0.66666667 | M10: =_xlfn.RANK.AVG(G10,$G$5:$G$58,1)/54 -> 0.67592593 | N10: =_xlfn.RANK.AVG(H10,$H$5:$H$58,1)/54 -> 0.64814815 | O10: =_xlfn.RANK.AVG(I10,$I$5:$I$58,1)/54 -> 0.7037037 | P10: =_xlfn.RANK.AVG(J10,$J$5:$J$58,1)/54 -> 0.22222222 | AB10: 2023 | AC10: 0.2 | AD10: 0.4 | AE10: 0.4 | AF10: 0
A11: Bắc Giang | B11: 2017 | C11: ='1_Du_lieu'!F12 -> 11.6 | D11: ='1_Du_lieu'!G12 -> 40.5 | E11: ='1_Du_lieu'!H12 -> 25 | F11: ='1_Du_lieu'!I12 -> 69 | G11: =C11*$AC$4 -> 3.48 | H11: =D11*$AD$4 -> 12.15 | I11: =E11*$AE$4 -> 7.5 | J11: =F11*$AF$4 -> 6.9 | K11: =SUM(G11:J11) -> 30.03 | L11: =_xlfn.RANK.AVG(K11,$K$5:$K$58,1)/54 -> 0.68518519 | M11: =_xlfn.RANK.AVG(G11,$G$5:$G$58,1)/54 -> 0.16666667 | N11: =_xlfn.RANK.AVG(H11,$H$5:$H$58,1)/54 -> 0.62962963 | O11: =_xlfn.RANK.AVG(I11,$I$5:$I$58,1)/54 -> 0.73148148 | P11: =_xlfn.RANK.AVG(J11,$J$5:$J$58,1)/54 -> 0.72222222 | AB11: 2024 | AC11: 0.2 | AD11: 0.4 | AE11: 0.4 | AF11: 0
A12: Bắc Kạn | B12: 2017 | C12: ='1_Du_lieu'!F13 -> 13.8 | D12: ='1_Du_lieu'!G13 -> 26.8 | E12: ='1_Du_lieu'!H13 -> 18.5 | F12: ='1_Du_lieu'!I13 -> 48.6 | G12: =C12*$AC$4 -> 4.14 | H12: =D12*$AD$4 -> 8.04 | I12: =E12*$AE$4 -> 5.55 | J12: =F12*$AF$4 -> 4.86 | K12: =SUM(G12:J12) -> 22.59 | L12: =_xlfn.RANK.AVG(K12,$K$5:$K$58,1)/54 -> 0.055555556 | M12: =_xlfn.RANK.AVG(G12,$G$5:$G$58,1)/54 -> 0.46296296 | N12: =_xlfn.RANK.AVG(H12,$H$5:$H$58,1)/54 -> 0.046296296 | O12: =_xlfn.RANK.AVG(I12,$I$5:$I$58,1)/54 -> 0.16666667 | P12: =_xlfn.RANK.AVG(J12,$J$5:$J$58,1)/54 -> 0.074074074
A13: Bắc Ninh | B13: 2017 | C13: ='1_Du_lieu'!F14 -> 19.8 | D13: ='1_Du_lieu'!G14 -> 57.8 | E13: ='1_Du_lieu'!H14 -> 30.3 | F13: ='1_Du_lieu'!I14 -> 65.1 | G13: =C13*$AC$4 -> 5.94 | H13: =D13*$AD$4 -> 17.34 | I13: =E13*$AE$4 -> 9.09 | J13: =F13*$AF$4 -> 6.51 | K13: =SUM(G13:J13) -> 38.88 | L13: =_xlfn.RANK.AVG(K13,$K$5:$K$58,1)/54 -> 0.90740741 | M13: =_xlfn.RANK.AVG(G13,$G$5:$G$58,1)/54 -> 0.87037037 | N13: =_xlfn.RANK.AVG(H13,$H$5:$H$58,1)/54 -> 0.90740741 | O13: =_xlfn.RANK.AVG(I13,$I$5:$I$58,1)/54 -> 0.90740741 | P13: =_xlfn.RANK.AVG(J13,$J$5:$J$58,1)/54 -> 0.55555556
A14: Bến Tre | B14: 2017 | C14: ='1_Du_lieu'!F15 -> 15.8 | D14: ='1_Du_lieu'!G15 -> 36.5 | E14: ='1_Du_lieu'!H15 -> 19.5 | F14: ='1_Du_lieu'!I15 -> 66 | G14: =C14*$AC$4 -> 4.74 | H14: =D14*$AD$4 -> 10.95 | I14: =E14*$AE$4 -> 5.85 | J14: =F14*$AF$4 -> 6.6 | K14: =SUM(G14:J14) -> 28.14 | L14: =_xlfn.RANK.AVG(K14,$K$5:$K$58,1)/54 -> 0.51851852 | M14: =_xlfn.RANK.AVG(G14,$G$5:$G$58,1)/54 -> 0.74074074 | N14: =_xlfn.RANK.AVG(H14,$H$5:$H$58,1)/54 -> 0.44444444 | O14: =_xlfn.RANK.AVG(I14,$I$5:$I$58,1)/54 -> 0.27777778 | P14: =_xlfn.RANK.AVG(J14,$J$5:$J$58,1)/54 -> 0.61111111
A15: Cà Mau | B15: 2017 | C15: ='1_Du_lieu'!F17 -> 11.1 | D15: ='1_Du_lieu'!G17 -> 24 | E15: ='1_Du_lieu'!H17 -> 18.6 | F15: ='1_Du_lieu'!I17 -> 51 | G15: =C15*$AC$4 -> 3.33 | H15: =D15*$AD$4 -> 7.2 | I15: =E15*$AE$4 -> 5.58 | J15: =F15*$AF$4 -> 5.1 | K15: =SUM(G15:J15) -> 21.21 | L15: =_xlfn.RANK.AVG(K15,$K$5:$K$58,1)/54 -> 0.037037037 | M15: =_xlfn.RANK.AVG(G15,$G$5:$G$58,1)/54 -> 0.11111111 | N15: =_xlfn.RANK.AVG(H15,$H$5:$H$58,1)/54 -> 0.018518519 | O15: =_xlfn.RANK.AVG(I15,$I$5:$I$58,1)/54 -> 0.2037037 | P15: =_xlfn.RANK.AVG(J15,$J$5:$J$58,1)/54 -> 0.18518519
A16: Cần Thơ | B16: 2017 | C16: ='1_Du_lieu'!F18 -> 17.3 | D16: ='1_Du_lieu'!G18 -> 55.5 | E16: ='1_Du_lieu'!H18 -> 26.2 | F16: ='1_Du_lieu'!I18 -> 75 | G16: =C16*$AC$4 -> 5.19 | H16: =D16*$AD$4 -> 16.65 | I16: =E16*$AE$4 -> 7.86 | J16: =F16*$AF$4 -> 7.5 | K16: =SUM(G16:J16) -> 37.2 | L16: =_xlfn.RANK.AVG(K16,$K$5:$K$58,1)/54 -> 0.87037037 | M16: =_xlfn.RANK.AVG(G16,$G$5:$G$58,1)/54 -> 0.81481481 | N16: =_xlfn.RANK.AVG(H16,$H$5:$H$58,1)/54 -> 0.85185185 | O16: =_xlfn.RANK.AVG(I16,$I$5:$I$58,1)/54 -> 0.81481481 | P16: =_xlfn.RANK.AVG(J16,$J$5:$J$58,1)/54 -> 0.94444444
A17: Gia Lai | B17: 2017 | C17: ='1_Du_lieu'!F19 -> 10 | D17: ='1_Du_lieu'!G19 -> 33 | E17: ='1_Du_lieu'!H19 -> 21 | F17: ='1_Du_lieu'!I19 -> 45 | G17: =C17*$AC$4 -> 3 | H17: =D17*$AD$4 -> 9.9 | I17: =E17*$AE$4 -> 6.3 | J17: =F17*$AF$4 -> 4.5 | K17: =SUM(G17:J17) -> 23.7 | L17: =_xlfn.RANK.AVG(K17,$K$5:$K$58,1)/54 -> 0.11111111 | M17: =_xlfn.RANK.AVG(G17,$G$5:$G$58,1)/54 -> 0.018518519 | N17: =_xlfn.RANK.AVG(H17,$H$5:$H$58,1)/54 -> 0.24074074 | O17: =_xlfn.RANK.AVG(I17,$I$5:$I$58,1)/54 -> 0.4537037 | P17: =_xlfn.RANK.AVG(J17,$J$5:$J$58,1)/54 -> 0.018518519
A18: Hà Nam | B18: 2017 | C18: ='1_Du_lieu'!F21 -> 15.8 | D18: ='1_Du_lieu'!G21 -> 40.4 | E18: ='1_Du_lieu'!H21 -> 20.8 | F18: ='1_Du_lieu'!I21 -> 61.5 | G18: =C18*$AC$4 -> 4.74 | H18: =D18*$AD$4 -> 12.12 | I18: =E18*$AE$4 -> 6.24 | J18: =F18*$AF$4 -> 6.15 | K18: =SUM(G18:J18) -> 29.25 | L18: =_xlfn.RANK.AVG(K18,$K$5:$K$58,1)/54 -> 0.59259259 | M18: =_xlfn.RANK.AVG(G18,$G$5:$G$58,1)/54 -> 0.74074074 | N18: =_xlfn.RANK.AVG(H18,$H$5:$H$58,1)/54 -> 0.60185185 | O18: =_xlfn.RANK.AVG(I18,$I$5:$I$58,1)/54 -> 0.42592593 | P18: =_xlfn.RANK.AVG(J18,$J$5:$J$58,1)/54 -> 0.5
A19: Hà Nội | B19: 2017 | C19: ='1_Du_lieu'!F22 -> 93.7 | D19: ='1_Du_lieu'!G22 -> 69.2 | E19: ='1_Du_lieu'!H22 -> 64.4 | F19: ='1_Du_lieu'!I22 -> 76 | G19: =C19*$AC$4 -> 28.11 | H19: =D19*$AD$4 -> 20.76 | I19: =E19*$AE$4 -> 19.32 | J19: =F19*$AF$4 -> 7.6 | K19: =SUM(G19:J19) -> 75.79 | L19: =_xlfn.RANK.AVG(K19,$K$5:$K$58,1)/54 -> 0.98148148 | M19: =_xlfn.RANK.AVG(G19,$G$5:$G$58,1)/54 -> 1 | N19: =_xlfn.RANK.AVG(H19,$H$5:$H$58,1)/54 -> 0.98148148 | O19: =_xlfn.RANK.AVG(I19,$I$5:$I$58,1)/54 -> 0.98148148 | P19: =_xlfn.RANK.AVG(J19,$J$5:$J$58,1)/54 -> 0.96296296
A20: Hà Tĩnh | B20: 2017 | C20: ='1_Du_lieu'!F23 -> 11.9 | D20: ='1_Du_lieu'!G23 -> 33.2 | E20: ='1_Du_lieu'!H23 -> 25 | F20: ='1_Du_lieu'!I23 -> 60.8 | G20: =C20*$AC$4 -> 3.57 | H20: =D20*$AD$4 -> 9.96 | I20: =E20*$AE$4 -> 7.5 | J20: =F20*$AF$4 -> 6.08 | K20: =SUM(G20:J20) -> 27.11 | L20: =_xlfn.RANK.AVG(K20,$K$5:$K$58,1)/54 -> 0.38888889 | M20: =_xlfn.RANK.AVG(G20,$G$5:$G$58,1)/54 -> 0.19444444 | N20: =_xlfn.RANK.AVG(H20,$H$5:$H$58,1)/54 -> 0.25925926 | O20: =_xlfn.RANK.AVG(I20,$I$5:$I$58,1)/54 -> 0.73148148 | P20: =_xlfn.RANK.AVG(J20,$J$5:$J$58,1)/54 -> 0.42592593
A21: Hòa Bình | B21: 2017 | C21: ='1_Du_lieu'!F24 -> 10.8 | D21: ='1_Du_lieu'!G24 -> 30.1 | E21: ='1_Du_lieu'!H24 -> 22.3 | F21: ='1_Du_lieu'!I24 -> 61 | G21: =C21*$AC$4 -> 3.24 | H21: =D21*$AD$4 -> 9.03 | I21: =E21*$AE$4 -> 6.69 | J21: =F21*$AF$4 -> 6.1 | K21: =SUM(G21:J21) -> 25.06 | L21: =_xlfn.RANK.AVG(K21,$K$5:$K$58,1)/54 -> 0.18518519 | M21: =_xlfn.RANK.AVG(G21,$G$5:$G$58,1)/54 -> 0.064814815 | N21: =_xlfn.RANK.AVG(H21,$H$5:$H$58,1)/54 -> 0.13888889 | O21: =_xlfn.RANK.AVG(I21,$I$5:$I$58,1)/54 -> 0.57407407 | P21: =_xlfn.RANK.AVG(J21,$J$5:$J$58,1)/54 -> 0.47222222
A22: Hưng Yên | B22: 2017 | C22: ='1_Du_lieu'!F25 -> 14.2 | D22: ='1_Du_lieu'!G25 -> 36.3 | E22: ='1_Du_lieu'!H25 -> 21 | F22: ='1_Du_lieu'!I25 -> 65.8 | G22: =C22*$AC$4 -> 4.26 | H22: =D22*$AD$4 -> 10.89 | I22: =E22*$AE$4 -> 6.3 | J22: =F22*$AF$4 -> 6.58 | K22: =SUM(G22:J22) -> 28.03 | L22: =_xlfn.RANK.AVG(K22,$K$5:$K$58,1)/54 -> 0.48148148 | M22: =_xlfn.RANK.AVG(G22,$G$5:$G$58,1)/54 -> 0.5 | N22: =_xlfn.RANK.AVG(H22,$H$5:$H$58,1)/54 -> 0.41666667 | O22: =_xlfn.RANK.AVG(I22,$I$5:$I$58,1)/54 -> 0.4537037 | P22: =_xlfn.RANK.AVG(J22,$J$5:$J$58,1)/54 -> 0.59259259
A23: Hải Dương | B23: 2017 | C23: ='1_Du_lieu'!F26 -> 15.3 | D23: ='1_Du_lieu'!G26 -> 54.9 | E23: ='1_Du_lieu'!H26 -> 21.2 | F23: ='1_Du_lieu'!I26 -> 71.8 | G23: =C23*$AC$4 -> 4.59 | H23: =D23*$AD$4 -> 16.47 | I23: =E23*$AE$4 -> 6.36 | J23: =F23*$AF$4 -> 7.18 | K23: =SUM(G23:J23) -> 34.6 | L23: =_xlfn.RANK.AVG(K23,$K$5:$K$58,1)/54 -> 0.81481481 | M23: =_xlfn.RANK.AVG(G23,$G$5:$G$58,1)/54 -> 0.63888889 | N23: =_xlfn.RANK.AVG(H23,$H$5:$H$58,1)/54 -> 0.83333333 | O23: =_xlfn.RANK.AVG(I23,$I$5:$I$58,1)/54 -> 0.48148148 | P23: =_xlfn.RANK.AVG(J23,$J$5:$J$58,1)/54 -> 0.83333333
A24: Hải Phòng | B24: 2017 | C24: ='1_Du_lieu'!F27 -> 22.1 | D24: ='1_Du_lieu'!G27 -> 61.6 | E24: ='1_Du_lieu'!H27 -> 32.3 | F24: ='1_Du_lieu'!I27 -> 73.9 | G24: =C24*$AC$4 -> 6.63 | H24: =D24*$AD$4 -> 18.48 | I24: =E24*$AE$4 -> 9.69 | J24: =F24*$AF$4 -> 7.39 | K24: =SUM(G24:J24) -> 42.19 | L24: =_xlfn.RANK.AVG(K24,$K$5:$K$58,1)/54 -> 0.92592593 | M24: =_xlfn.RANK.AVG(G24,$G$5:$G$58,1)/54 -> 0.94444444 | N24: =_xlfn.RANK.AVG(H24,$H$5:$H$58,1)/54 -> 0.94444444 | O24: =_xlfn.RANK.AVG(I24,$I$5:$I$58,1)/54 -> 0.92592593 | P24: =_xlfn.RANK.AVG(J24,$J$5:$J$58,1)/54 -> 0.90740741
A25: Khánh Hòa | B25: 2017 | C25: ='1_Du_lieu'!F29 -> 21.5 | D25: ='1_Du_lieu'!G29 -> 47.3 | E25: ='1_Du_lieu'!H29 -> 25.9 | F25: ='1_Du_lieu'!I29 -> 62 | G25: =C25*$AC$4 -> 6.45 | H25: =D25*$AD$4 -> 14.19 | I25: =E25*$AE$4 -> 7.77 | J25: =F25*$AF$4 -> 6.2 | K25: =SUM(G25:J25) -> 34.61 | L25: =_xlfn.RANK.AVG(K25,$K$5:$K$58,1)/54 -> 0.83333333 | M25: =_xlfn.RANK.AVG(G25,$G$5:$G$58,1)/54 -> 0.92592593 | N25: =_xlfn.RANK.AVG(H25,$H$5:$H$58,1)/54 -> 0.77777778 | O25: =_xlfn.RANK.AVG(I25,$I$5:$I$58,1)/54 -> 0.7962963 | P25: =_xlfn.RANK.AVG(J25,$J$5:$J$58,1)/54 -> 0.51851852
A26: Kiên Giang | B26: 2017 | C26: ='1_Du_lieu'!F30 -> 14.9 | D26: ='1_Du_lieu'!G30 -> 35 | E26: ='1_Du_lieu'!H30 -> 21.4 | F26: ='1_Du_lieu'!I30 -> 61 | G26: =C26*$AC$4 -> 4.47 | H26: =D26*$AD$4 -> 10.5 | I26: =E26*$AE$4 -> 6.42 | J26: =F26*$AF$4 -> 6.1 | K26: =SUM(G26:J26) -> 27.49 | L26: =_xlfn.RANK.AVG(K26,$K$5:$K$58,1)/54 -> 0.44444444 | M26: =_xlfn.RANK.AVG(G26,$G$5:$G$58,1)/54 -> 0.60185185 | N26: =_xlfn.RANK.AVG(H26,$H$5:$H$58,1)/54 -> 0.33333333 | O26: =_xlfn.RANK.AVG(I26,$I$5:$I$58,1)/54 -> 0.5 | P26: =_xlfn.RANK.AVG(J26,$J$5:$J$58,1)/54 -> 0.47222222
A27: Kon Tum | B27: 2017 | C27: ='1_Du_lieu'!F31 -> 15.5 | D27: ='1_Du_lieu'!G31 -> 26.8 | E27: ='1_Du_lieu'!H31 -> 20.6 | F27: ='1_Du_lieu'!I31 -> 53 | G27: =C27*$AC$4 -> 4.65 | H27: =D27*$AD$4 -> 8.04 | I27: =E27*$AE$4 -> 6.18 | J27: =F27*$AF$4 -> 5.3 | K27: =SUM(G27:J27) -> 24.17 | L27: =_xlfn.RANK.AVG(K27,$K$5:$K$58,1)/54 -> 0.14814815 | M27: =_xlfn.RANK.AVG(G27,$G$5:$G$58,1)/54 -> 0.67592593 | N27: =_xlfn.RANK.AVG(H27,$H$5:$H$58,1)/54 -> 0.046296296 | O27: =_xlfn.RANK.AVG(I27,$I$5:$I$58,1)/54 -> 0.39814815 | P27: =_xlfn.RANK.AVG(J27,$J$5:$J$58,1)/54 -> 0.2037037
A28: Long An | B28: 2017 | C28: ='1_Du_lieu'!F33 -> 14.8 | D28: ='1_Du_lieu'!G33 -> 35 | E28: ='1_Du_lieu'!H33 -> 23.2 | F28: ='1_Du_lieu'!I33 -> 59.6 | G28: =C28*$AC$4 -> 4.44 | H28: =D28*$AD$4 -> 10.5 | I28: =E28*$AE$4 -> 6.96 | J28: =F28*$AF$4 -> 5.96 | K28: =SUM(G28:J28) -> 27.86 | L28: =_xlfn.RANK.AVG(K28,$K$5:$K$58,1)/54 -> 0.46296296 | M28: =_xlfn.RANK.AVG(G28,$G$5:$G$58,1)/54 -> 0.56481481 | N28: =_xlfn.RANK.AVG(H28,$H$5:$H$58,1)/54 -> 0.33333333 | O28: =_xlfn.RANK.AVG(I28,$I$5:$I$58,1)/54 -> 0.61111111 | P28: =_xlfn.RANK.AVG(J28,$J$5:$J$58,1)/54 -> 0.28703704
A29: Lào Cai | B29: 2017 | C29: ='1_Du_lieu'!F34 -> 12.3 | D29: ='1_Du_lieu'!G34 -> 35 | E29: ='1_Du_lieu'!H34 -> 18.6 | F29: ='1_Du_lieu'!I34 -> 68.5 | G29: =C29*$AC$4 -> 3.69 | H29: =D29*$AD$4 -> 10.5 | I29: =E29*$AE$4 -> 5.58 | J29: =F29*$AF$4 -> 6.85 | K29: =SUM(G29:J29) -> 26.62 | L29: =_xlfn.RANK.AVG(K29,$K$5:$K$58,1)/54 -> 0.33333333 | M29: =_xlfn.RANK.AVG(G29,$G$5:$G$58,1)/54 -> 0.25925926 | N29: =_xlfn.RANK.AVG(H29,$H$5:$H$58,1)/54 -> 0.33333333 | O29: =_xlfn.RANK.AVG(I29,$I$5:$I$58,1)/54 -> 0.2037037 | P29: =_xlfn.RANK.AVG(J29,$J$5:$J$58,1)/54 -> 0.7037037
A30: Lâm Đồng | B30: 2017 | C30: ='1_Du_lieu'!F35 -> 16.6 | D30: ='1_Du_lieu'!G35 -> 30 | E30: ='1_Du_lieu'!H35 -> 24.2 | F30: ='1_Du_lieu'!I35 -> 60 | G30: =C30*$AC$4 -> 4.98 | H30: =D30*$AD$4 -> 9 | I30: =E30*$AE$4 -> 7.26 | J30: =F30*$AF$4 -> 6 | K30: =SUM(G30:J30) -> 27.24 | L30: =_xlfn.RANK.AVG(K30,$K$5:$K$58,1)/54 -> 0.42592593 | M30: =_xlfn.RANK.AVG(G30,$G$5:$G$58,1)/54 -> 0.77777778 | N30: =_xlfn.RANK.AVG(H30,$H$5:$H$58,1)/54 -> 0.11111111 | O30: =_xlfn.RANK.AVG(I30,$I$5:$I$58,1)/54 -> 0.68518519 | P30: =_xlfn.RANK.AVG(J30,$J$5:$J$58,1)/54 -> 0.34259259
